program_name,Number of lines,Number of functions,Cyclomatic complexity,Total edges in AST,Height of AST,Maximum nested loop depth,Number of equality constraints,Number of inequality constraints,Call stack depth,c81,c82,c83,c84,c85,c86,c87,c88
cfiles32/array-fpi/brs1f.c,38,11,4,227,11,1,2,5,4,1,1,1,1,1,1,1,1
cfiles32/array-fpi/condmf.c,39,11,4,223,11,1,2,5,4,1,1,1,1,1,1,1,1
cfiles32/array-industry-pattern/array_of_struct_ptr_mul_init.i,41,10,3,231,13,1,2,3,3,1,1,1,1,1,1,1,1
cfiles32/array-lopstr16/break-1.i,35,9,3,194,12,1,0,5,3,1,1,1,1,1,1,1,1
cfiles32/float-benchs/sin_interpolated_bigrange_loose.c,138,15,8,829,13,0,0,7,5,1,1,1,1,1,1,1,1
cfiles32/float-newlib/double_req_bl_0660b.c,226,56,5,962,17,1,7,21,4,1,1,1,1,1,1,1,1
cfiles32/float-newlib/float_req_bl_0660a.c,208,54,5,901,17,1,7,20,4,1,1,1,1,1,1,1,1
cfiles32/float-newlib/float_req_bl_0661a.c,208,53,5,896,17,1,6,20,4,1,1,1,1,1,1,1,1
cfiles32/float-newlib/float_req_bl_0661b.c,208,53,5,894,17,1,6,20,4,1,1,1,1,1,1,1,1
cfiles32/floats-cdfpl/sine_4.i,25,8,3,191,13,0,0,4,3,1,1,1,1,1,1,1,1
cfiles32/loop-floats-scientific-comp/loop2-2.c,37,10,4,212,11,1,2,3,4,1,1,1,1,1,1,1,1
cfiles32/loop-lit/hhk2008.i,36,11,4,198,9,1,1,4,3,1,1,1,1,1,1,1,1
cfiles32/seq-pthread/cs_stateful-1.i,793,96,24,3748,13,2,25,43,3,1,1,1,1,1,1,1,1
