program_name,Number of lines,Number of functions,Cyclomatic complexity,Total edges in AST,Height of AST,Maximum nested loop depth,Number of equality constraints,Number of inequality constraints,Call stack depth,c10,c11,c12,c13,c14,c15,c16,c17,c18,c19,c1,c2,c3,c4,c5,c6,c7,c8,c9
/mnt/e/OneDrive/Desktop/result/extract_features/cfiles32/array-cav19/array_doub_access_init_const.c,30,4,5,154,10,1,0,3,4,1,1,1,1,1,1,1,1,1,1,1,1,1,1,1,1,1,1,1
/mnt/e/OneDrive/Desktop/result/extract_features/cfiles32/array-cav19/array_init_both_ends_multiple_sum.c,38,4,6,179,12,1,1,3,4,1,1,1,1,1,1,1,1,1,1,1,1,1,1,1,1,1,1,1
/mnt/e/OneDrive/Desktop/result/extract_features/cfiles32/array-cav19/array_init_pair_symmetr.c,39,4,6,194,11,1,1,5,4,1,1,1,1,1,1,1,1,1,1,1,1,1,1,1,1,1,1,1
/mnt/e/OneDrive/Desktop/result/extract_features/cfiles32/array-cav19/array_init_var_plus_ind.c,34,4,6,160,9,1,0,3,4,1,1,1,1,1,1,1,1,1,1,1,1,1,1,1,1,1,1,1
/mnt/e/OneDrive/Desktop/result/extract_features/cfiles32/array-cav19/array_min_and_copy_shift_sum_add.c,44,4,7,228,11,1,0,11,4,1,1,1,1,1,1,1,1,1,1,1,1,1,1,1,1,1,1,1
/mnt/e/OneDrive/Desktop/result/extract_features/cfiles32/array-crafted/bor1.i,57,3,5,249,9,1,0,5,2,1,1,1,1,1,1,1,1,1,1,1,1,1,1,1,1,1,1,1
/mnt/e/OneDrive/Desktop/result/extract_features/cfiles32/array-crafted/xor3.i,57,3,5,249,9,1,0,5,2,1,1,1,1,1,1,1,1,1,1,1,1,1,1,1,1,1,1,1
/mnt/e/OneDrive/Desktop/result/extract_features/cfiles32/array-crafted/zero_sum2.c,57,4,9,217,11,1,1,6,4,1,1,1,1,1,1,1,1,1,1,1,1,1,1,1,1,1,1,1
/mnt/e/OneDrive/Desktop/result/extract_features/cfiles32/array-crafted/zero_sum_const2.c,59,4,9,239,13,1,1,7,4,1,1,1,1,1,1,1,1,1,1,1,1,1,1,1,1,1,1,1
/mnt/e/OneDrive/Desktop/result/extract_features/cfiles32/array-crafted/zero_sum_const5.c,89,4,15,341,13,1,1,13,4,1,1,1,1,1,1,1,1,1,1,1,1,1,1,1,1,1,1,1
/mnt/e/OneDrive/Desktop/result/extract_features/cfiles32/array-crafted/zero_sum_m5.c,86,4,15,319,11,1,1,12,4,1,1,1,1,1,1,1,1,1,1,1,1,1,1,1,1,1,1,1
/mnt/e/OneDrive/Desktop/result/extract_features/cfiles32/array-examples/data_structures_set_multi_proc_ground-2.i,63,5,12,326,12,2,1,10,3,1,1,1,1,1,1,1,1,1,1,1,1,1,1,1,1,1,1,1
/mnt/e/OneDrive/Desktop/result/extract_features/cfiles32/array-examples/sanfoundry_02_ground.i,58,3,9,249,11,1,1,9,3,1,1,1,1,1,1,1,1,1,1,1,1,1,1,1,1,1,1,1
/mnt/e/OneDrive/Desktop/result/extract_features/cfiles32/array-examples/sanfoundry_10_ground.c,56,3,9,187,12,1,1,5,4,1,1,1,1,1,1,1,1,1,1,1,1,1,1,1,1,1,1,1
/mnt/e/OneDrive/Desktop/result/extract_features/cfiles32/array-examples/standard_copy4_ground-1.i,44,3,8,248,10,1,1,6,3,1,1,1,1,1,1,1,1,1,1,1,1,1,1,1,1,1,1,1
/mnt/e/OneDrive/Desktop/result/extract_features/cfiles32/array-examples/standard_copyInitSum_ground.i,36,3,6,207,10,1,1,4,3,1,1,1,1,1,1,1,1,1,1,1,1,1,1,1,1,1,1,1
/mnt/e/OneDrive/Desktop/result/extract_features/cfiles32/array-examples/standard_init1_ground-2.i,27,3,4,151,10,1,1,2,3,1,1,1,1,1,1,1,1,1,1,1,1,1,1,1,1,1,1,1
/mnt/e/OneDrive/Desktop/result/extract_features/cfiles32/array-examples/standard_partial_init_ground.i,43,3,7,226,11,1,1,6,3,1,1,1,1,1,1,1,1,1,1,1,1,1,1,1,1,1,1,1
/mnt/e/OneDrive/Desktop/result/extract_features/cfiles32/array-examples/standard_vararg_ground.i,34,3,5,167,10,1,0,4,3,1,1,1,1,1,1,1,1,1,1,1,1,1,1,1,1,1,1,1
/mnt/e/OneDrive/Desktop/result/extract_features/cfiles32/array-fpi/brs1.c,57,4,8,223,11,1,2,5,4,1,1,1,1,1,1,1,1,1,1,1,1,1,1,1,1,1,1,1
/mnt/e/OneDrive/Desktop/result/extract_features/cfiles32/array-fpi/brs1f.c,57,4,8,227,11,1,2,5,4,1,1,1,1,1,1,1,1,1,1,1,1,1,1,1,1,1,1,1
/mnt/e/OneDrive/Desktop/result/extract_features/cfiles32/array-fpi/brs3.c,57,4,8,225,11,1,2,5,4,1,1,1,1,1,1,1,1,1,1,1,1,1,1,1,1,1,1,1
/mnt/e/OneDrive/Desktop/result/extract_features/cfiles32/array-fpi/condm.c,56,4,8,223,11,1,2,5,4,1,1,1,1,1,1,1,1,1,1,1,1,1,1,1,1,1,1,1
/mnt/e/OneDrive/Desktop/result/extract_features/cfiles32/array-fpi/condmf.c,59,4,8,223,11,1,2,5,4,1,1,1,1,1,1,1,1,1,1,1,1,1,1,1,1,1,1,1
/mnt/e/OneDrive/Desktop/result/extract_features/cfiles32/array-fpi/eqn1.c,55,4,7,243,12,1,1,5,4,1,1,1,1,1,1,1,1,1,1,1,1,1,1,1,1,1,1,1
/mnt/e/OneDrive/Desktop/result/extract_features/cfiles32/array-fpi/eqn2.c,56,4,7,247,13,1,1,5,4,1,1,1,1,1,1,1,1,1,1,1,1,1,1,1,1,1,1,1
/mnt/e/OneDrive/Desktop/result/extract_features/cfiles32/array-fpi/eqn3.c,56,4,7,247,13,1,1,5,4,1,1,1,1,1,1,1,1,1,1,1,1,1,1,1,1,1,1,1
/mnt/e/OneDrive/Desktop/result/extract_features/cfiles32/array-fpi/res1o.c,62,4,8,255,11,1,0,7,4,1,1,1,1,1,1,1,1,1,1,1,1,1,1,1,1,1,1,1
/mnt/e/OneDrive/Desktop/result/extract_features/cfiles32/array-fpi/s2lif.c,60,4,8,242,11,1,2,5,4,1,1,1,1,1,1,1,1,1,1,1,1,1,1,1,1,1,1,1
/mnt/e/OneDrive/Desktop/result/extract_features/cfiles32/array-fpi/s52if.c,65,4,9,261,11,1,3,5,4,1,1,1,1,1,1,1,1,1,1,1,1,1,1,1,1,1,1,1
/mnt/e/OneDrive/Desktop/result/extract_features/cfiles32/array-fpi/s5if.c,55,4,7,225,11,1,2,4,4,1,1,1,1,1,1,1,1,1,1,1,1,1,1,1,1,1,1,1
/mnt/e/OneDrive/Desktop/result/extract_features/cfiles32/array-industry-pattern/array_of_struct_ptr_flag_init.i,49,4,7,235,13,1,2,4,3,1,1,1,1,1,1,1,1,1,1,1,1,1,1,1,1,1,1,1
/mnt/e/OneDrive/Desktop/result/extract_features/cfiles32/array-industry-pattern/array_of_struct_ptr_monotonic.i,43,3,6,244,15,1,2,3,3,1,1,1,1,1,1,1,1,1,1,1,1,1,1,1,1,1,1,1
/mnt/e/OneDrive/Desktop/result/extract_features/cfiles32/array-industry-pattern/array_of_struct_ptr_mul_init.i,44,3,6,231,13,1,2,3,3,1,1,1,1,1,1,1,1,1,1,1,1,1,1,1,1,1,1,1
/mnt/e/OneDrive/Desktop/result/extract_features/cfiles32/array-industry-pattern/array_of_struct_single_elem_init.i,53,3,6,226,12,1,3,3,3,1,1,1,1,1,1,1,1,1,1,1,1,1,1,1,1,1,1,1
/mnt/e/OneDrive/Desktop/result/extract_features/cfiles32/array-industry-pattern/array_ptr_single_elem_init-1.i,59,3,8,305,17,1,3,6,3,1,1,1,1,1,1,1,1,1,1,1,1,1,1,1,1,1,1,1
/mnt/e/OneDrive/Desktop/result/extract_features/cfiles32/array-industry-pattern/array_single_elem_init.i,52,3,8,218,12,1,4,3,3,1,1,1,1,1,1,1,1,1,1,1,1,1,1,1,1,1,1,1
/mnt/e/OneDrive/Desktop/result/extract_features/cfiles32/array-lopstr16/break-1.i,38,3,6,194,12,1,0,5,3,1,1,1,1,1,1,1,0,0,0,1,1,1,1,1,1,1,1,1
/mnt/e/OneDrive/Desktop/result/extract_features/cfiles32/array-lopstr16/break-2.i,35,3,6,169,12,1,1,4,3,1,1,1,1,1,1,1,1,1,1,1,1,1,1,1,1,1,1,1
/mnt/e/OneDrive/Desktop/result/extract_features/cfiles32/array-lopstr16/flag_loopdep.i,49,4,7,236,13,1,2,4,3,1,1,1,1,1,1,1,1,1,1,1,1,1,1,1,1,1,1,1
/mnt/e/OneDrive/Desktop/result/extract_features/cfiles32/array-lopstr16/flag_loopdep_simple.i,48,4,7,216,12,1,2,4,3,1,1,1,1,1,1,1,1,1,1,1,1,1,1,1,1,1,1,1
/mnt/e/OneDrive/Desktop/result/extract_features/cfiles32/array-lopstr16/scalar_loopdep.i,36,3,4,171,11,1,0,3,3,1,1,1,1,1,1,1,1,1,1,1,1,1,1,1,1,1,1,1
/mnt/e/OneDrive/Desktop/result/extract_features/cfiles32/array-lopstr16/single_elem_safe.i,58,3,8,298,17,1,3,6,3,1,1,1,1,1,1,1,1,1,1,1,1,1,1,1,1,1,1,1
/mnt/e/OneDrive/Desktop/result/extract_features/cfiles32/array-patterns/array1_pattern.c,60,4,7,236,10,1,2,5,4,1,1,1,1,1,1,1,1,1,1,1,1,1,1,1,1,1,1,1
/mnt/e/OneDrive/Desktop/result/extract_features/cfiles32/array-patterns/array8_pattern.c,62,4,7,252,10,1,2,6,4,1,1,1,1,1,1,1,1,1,1,1,1,1,1,1,1,1,1,1
/mnt/e/OneDrive/Desktop/result/extract_features/cfiles32/array-patterns/array9_pattern.c,63,4,7,252,10,1,2,6,4,1,1,1,1,1,1,1,1,1,1,1,1,1,1,1,1,1,1,1
/mnt/e/OneDrive/Desktop/result/extract_features/cfiles32/array-programs/partial_mod_count_1.c,27,3,6,145,10,1,1,4,4,1,1,1,1,1,1,1,1,1,1,1,1,1,1,1,1,1,1,1
/mnt/e/OneDrive/Desktop/result/extract_features/cfiles32/array-programs/partial_mod_count_2.c,28,3,6,145,10,1,1,4,4,1,1,1,1,1,1,1,1,1,1,1,1,1,1,1,1,1,1,1
/mnt/e/OneDrive/Desktop/result/extract_features/cfiles32/array-programs/partial_mod_count_3.c,27,3,6,147,11,1,1,4,4,1,1,1,1,1,1,1,1,1,1,1,1,1,1,1,1,1,1,1
/mnt/e/OneDrive/Desktop/result/extract_features/cfiles32/array-programs/partial_mod_count_4.c,27,3,6,145,10,1,1,4,4,1,1,1,1,1,1,1,1,1,1,1,1,1,1,1,1,1,1,1
/mnt/e/OneDrive/Desktop/result/extract_features/cfiles32/array-programs/partial_mod_count_5.c,27,3,6,145,10,1,1,4,4,1,1,1,1,1,1,1,1,1,1,1,1,1,1,1,1,1,1,1
/mnt/e/OneDrive/Desktop/result/extract_features/cfiles32/array-programs/partial_mod_count_limited_1.c,34,4,8,204,10,1,2,6,4,1,1,1,1,1,1,1,1,1,1,1,1,1,1,1,1,1,1,1
/mnt/e/OneDrive/Desktop/result/extract_features/cfiles32/array-programs/partial_mod_count_limited_3.c,34,4,8,214,12,1,2,7,4,1,1,1,1,1,1,1,1,1,1,1,1,1,1,1,1,1,1,1
/mnt/e/OneDrive/Desktop/result/extract_features/cfiles32/array-programs/partial_mod_count_limited_5.c,34,4,8,212,11,1,2,7,4,1,1,1,1,1,1,1,1,1,1,1,1,1,1,1,1,1,1,1
/mnt/e/OneDrive/Desktop/result/extract_features/cfiles32/array-tiling/mlceu.c,49,4,7,196,11,1,1,5,4,0,0,0,0,0,0,0,0,0,0,0,1,0,0,0,0,0,0,0
/mnt/e/OneDrive/Desktop/result/extract_features/cfiles32/array-tiling/pnr4.c,92,5,11,329,14,1,1,10,4,1,1,1,1,1,1,1,1,1,1,1,1,1,1,1,1,1,1,1
/mnt/e/OneDrive/Desktop/result/extract_features/cfiles32/array-tiling/revcpyswp2.c,73,4,9,320,14,1,1,7,4,1,1,1,1,1,1,1,1,1,1,1,1,1,1,1,1,1,1,1
/mnt/e/OneDrive/Desktop/result/extract_features/cfiles32/array-tiling/rew.c,49,4,7,205,13,1,0,6,4,1,1,1,1,1,1,1,1,1,1,1,1,1,1,1,1,1,1,1
/mnt/e/OneDrive/Desktop/result/extract_features/cfiles32/array-tiling/rewnif.c,46,4,7,193,13,1,0,6,4,1,1,1,1,1,1,1,1,1,1,1,1,1,1,1,1,1,1,1
/mnt/e/OneDrive/Desktop/result/extract_features/cfiles32/array-tiling/rewnifrev.c,46,4,7,197,13,1,0,6,4,1,1,1,1,1,1,1,1,1,1,1,1,1,1,1,1,1,1,1
/mnt/e/OneDrive/Desktop/result/extract_features/cfiles32/array-tiling/rewnifrev2.c,43,4,6,190,13,1,0,5,4,1,1,1,1,1,1,1,1,1,1,1,1,1,1,1,1,1,1,1
/mnt/e/OneDrive/Desktop/result/extract_features/cfiles32/array-tiling/rewrev.c,48,4,7,206,13,1,0,6,4,1,1,1,1,1,1,1,1,1,1,1,1,1,1,1,1,1,1,1
/mnt/e/OneDrive/Desktop/result/extract_features/cfiles32/array-tiling/skipped.c,57,4,10,265,14,1,1,9,4,1,0,1,1,1,0,1,1,1,1,1,1,1,1,1,1,0,1,1
/mnt/e/OneDrive/Desktop/result/extract_features/cfiles32/array-tiling/skippedu.c,57,4,10,257,14,1,1,9,4,1,1,1,1,1,0,1,1,1,0,0,1,0,1,1,1,1,0,0
/mnt/e/OneDrive/Desktop/result/extract_features/cfiles32/array-tiling/tcpy.c,53,4,8,246,13,1,2,6,4,1,0,1,0,1,0,1,1,1,0,1,1,1,1,1,1,1,1,1
/mnt/e/OneDrive/Desktop/result/extract_features/cfiles32/bitvector-regression/implicitunsignedconversion-2.c,23,2,2,73,8,0,0,1,3,1,1,1,1,1,1,1,1,1,1,1,1,1,1,1,1,1,1,1
/mnt/e/OneDrive/Desktop/result/extract_features/cfiles32/bitvector/byte_add_1-1.i,136,4,29,766,13,1,23,7,3,1,1,1,1,1,1,1,1,1,1,1,1,1,1,1,1,1,1,1
/mnt/e/OneDrive/Desktop/result/extract_features/cfiles32/bitvector/byte_add_1-2.i,136,4,29,762,13,1,23,7,3,1,1,1,1,1,1,1,1,1,1,1,1,1,1,1,1,1,1,1
/mnt/e/OneDrive/Desktop/result/extract_features/cfiles32/bitvector/byte_add_2-1.i,135,4,29,762,13,1,23,7,3,1,1,1,1,1,1,1,1,1,1,1,1,1,1,1,1,1,1,1
/mnt/e/OneDrive/Desktop/result/extract_features/cfiles32/bitvector/byte_add_2-2.i,135,4,29,766,13,1,23,7,3,1,1,1,1,1,1,1,1,1,1,1,1,1,1,1,1,1,1,1
/mnt/e/OneDrive/Desktop/result/extract_features/cfiles32/bitvector/gcd_1.c,49,4,6,165,9,1,2,4,4,1,1,1,1,1,0,0,1,1,1,1,1,1,0,1,1,0,1,1
/mnt/e/OneDrive/Desktop/result/extract_features/cfiles32/bitvector/gcd_4.c,56,4,7,181,10,1,4,4,4,1,1,1,1,1,1,1,1,1,1,1,1,1,1,1,1,1,1,1
/mnt/e/OneDrive/Desktop/result/extract_features/cfiles32/bitvector/interleave_bits.i,68,3,3,316,11,1,1,1,3,1,1,1,1,1,1,1,1,1,1,1,1,1,1,1,1,1,1,1
/mnt/e/OneDrive/Desktop/result/extract_features/cfiles32/bitvector/modulus-1.i,69,4,7,273,12,2,2,4,3,1,1,1,1,1,1,1,1,1,1,1,1,1,1,1,1,1,1,1
/mnt/e/OneDrive/Desktop/result/extract_features/cfiles32/bitvector/modulus-2.i,69,4,7,273,12,2,2,4,3,1,1,1,1,1,1,1,1,1,1,1,1,1,1,1,1,1,1,1
/mnt/e/OneDrive/Desktop/result/extract_features/cfiles32/bitvector/num_conversion_1.c,42,3,4,150,11,1,1,2,4,1,1,1,1,1,1,1,1,1,1,1,1,1,1,1,1,1,1,1
/mnt/e/OneDrive/Desktop/result/extract_features/cfiles32/bitvector/num_conversion_2.c,41,3,4,149,11,1,1,2,4,1,1,1,1,1,1,1,1,1,0,1,0,1,1,1,1,1,1,1
/mnt/e/OneDrive/Desktop/result/extract_features/cfiles32/bitvector/parity.i,70,3,5,294,12,1,3,1,3,1,1,1,1,1,1,1,1,1,1,1,1,1,1,1,1,1,1,1
/mnt/e/OneDrive/Desktop/result/extract_features/cfiles32/bitvector/s3_srvr_2_alt.BV.c.cil.c,697,3,101,1511,96,1,45,28,4,0,0,0,0,0,0,0,0,0,0,1,0,0,0,0,0,0,0,0
/mnt/e/OneDrive/Desktop/result/extract_features/cfiles32/bitvector/s3_srvr_2a_alt.BV.c.cil.c,698,3,101,1523,96,1,45,28,4,0,0,0,0,0,0,0,0,0,0,0,0,0,0,1,0,0,0,0
/mnt/e/OneDrive/Desktop/result/extract_features/cfiles32/bitvector/s3_srvr_3.BV.c.cil.c,695,3,101,1486,96,1,45,27,4,0,0,1,0,0,0,0,0,0,0,0,0,0,0,0,0,0,0,0
/mnt/e/OneDrive/Desktop/result/extract_features/cfiles32/bitvector/s3_srvr_3_alt.BV.c.cil.c,696,3,101,1490,96,1,45,27,4,0,1,0,0,1,0,0,0,0,0,1,0,1,0,0,0,0,1,0
/mnt/e/OneDrive/Desktop/result/extract_features/cfiles32/bitvector/s3_srvr_3a.BV.c.cil.c,696,3,101,1494,96,1,45,27,4,0,0,0,0,0,0,0,0,1,0,0,0,0,0,0,0,1,0,0
/mnt/e/OneDrive/Desktop/result/extract_features/cfiles32/bitvector/s3_srvr_3a_alt.BV.c.cil.c,697,3,101,1498,96,1,45,27,4,0,0,0,0,0,0,0,0,0,0,0,0,0,0,1,0,0,0,0
/mnt/e/OneDrive/Desktop/result/extract_features/cfiles32/bitvector/soft_float_1-1.c.cil.c,355,6,40,1032,16,1,6,30,5,0,1,0,0,1,0,0,1,1,0,1,0,0,1,1,1,1,0,1
/mnt/e/OneDrive/Desktop/result/extract_features/cfiles32/bitvector/soft_float_1-2.c.cil.c,360,7,41,1065,16,1,6,31,5,0,0,0,1,0,0,0,0,0,0,1,0,1,0,0,0,1,0,1
/mnt/e/OneDrive/Desktop/result/extract_features/cfiles32/bitvector/soft_float_1-2a.c.cil.c,357,6,41,1051,16,1,6,31,5,0,0,0,0,0,0,0,0,0,0,0,0,1,0,1,1,1,1,0
/mnt/e/OneDrive/Desktop/result/extract_features/cfiles32/bitvector/soft_float_4-1.c.cil.c,262,6,24,824,13,1,3,16,5,0,0,1,1,1,1,0,1,1,1,1,0,1,1,1,1,1,1,1
/mnt/e/OneDrive/Desktop/result/extract_features/cfiles32/bitvector/soft_float_4-2.c.cil.c,267,7,25,857,13,1,3,17,5,1,1,1,1,1,1,1,1,0,0,1,1,0,1,1,0,1,1,0
/mnt/e/OneDrive/Desktop/result/extract_features/cfiles32/bitvector/soft_float_5.c.cil.c,276,6,27,837,13,1,4,17,4,1,1,1,1,1,1,1,1,0,0,1,1,1,1,0,1,1,0,1
/mnt/e/OneDrive/Desktop/result/extract_features/cfiles32/bitvector/soft_float_5a.c.cil.c,276,6,27,837,13,1,4,17,4,1,1,0,0,1,0,1,1,1,1,1,0,1,1,1,0,1,1,1
/mnt/e/OneDrive/Desktop/result/extract_features/cfiles32/bitvector/sum02-2.c,37,4,4,153,9,1,2,2,4,1,1,1,1,1,1,1,1,1,1,1,1,1,1,1,1,1,1,1
/mnt/e/OneDrive/Desktop/result/extract_features/cfiles32/combinations/Problem05_label43+token_ring.13.cil-1.c,13154,54,2137,103932,234,1,17808,11,12,0,0,0,0,0,0,0,0,0,0,0,0,0,0,0,0,0,1,0
/mnt/e/OneDrive/Desktop/result/extract_features/cfiles32/combinations/Problem05_label45+token_ring.09.cil-1.c,12642,46,2068,102956,234,1,17755,7,12,0,0,0,0,0,0,0,0,0,0,1,0,0,0,0,0,0,0,0
/mnt/e/OneDrive/Desktop/result/extract_features/cfiles32/combinations/Problem05_label49+token_ring.02.cil-2.c,11779,32,1961,101336,234,1,17665,11,12,0,0,0,0,0,0,0,0,0,0,0,0,0,0,0,0,1,0,0
/mnt/e/OneDrive/Desktop/result/extract_features/cfiles32/combinations/Problem05_label49+token_ring.06.cil-1.c,12279,40,2025,102280,234,1,17717,11,12,0,0,0,1,0,0,0,0,0,0,0,0,0,0,0,0,0,0,0
/mnt/e/OneDrive/Desktop/result/extract_features/cfiles32/combinations/Problem05_label49+token_ring.07.cil-1.c,12392,42,2036,102484,234,1,17729,7,12,0,0,0,0,0,1,0,0,0,0,0,0,0,0,0,0,0,0,0
/mnt/e/OneDrive/Desktop/result/extract_features/cfiles32/combinations/Problem05_label49+token_ring.10.cil-2.c,12767,48,2084,103192,234,1,17768,7,12,0,0,0,0,0,0,0,0,0,0,0,0,0,0,0,0,0,1,0
/mnt/e/OneDrive/Desktop/result/extract_features/cfiles32/combinations/Problem05_label49+token_ring.13.cil-1.c,13154,54,2137,103932,234,1,17808,11,12,0,0,0,0,0,0,0,0,0,0,0,0,0,0,0,0,1,0,0
/mnt/e/OneDrive/Desktop/result/extract_features/cfiles32/combinations/gcd_1+newton_1_2.i,112,9,9,441,13,1,2,7,5,1,1,1,0,1,1,0,1,1,1,1,1,1,0,0,1,0,1,1
/mnt/e/OneDrive/Desktop/result/extract_features/cfiles32/combinations/gcd_1+newton_1_3.i,112,9,9,441,13,1,2,7,5,1,1,1,0,1,1,0,1,1,1,1,1,1,1,1,1,1,1,1
/mnt/e/OneDrive/Desktop/result/extract_features/cfiles32/combinations/gcd_1+newton_1_4.i,112,9,9,441,13,1,2,7,5,0,1,1,1,1,0,1,1,0,1,1,1,1,1,1,1,1,1,1
/mnt/e/OneDrive/Desktop/result/extract_features/cfiles32/combinations/pals_lcr.3.1.ufo.BOUNDED-6.pals+Problem12_label01.c,5130,14,785,46999,232,1,3813,2883,6,0,0,0,0,0,0,0,0,0,0,0,0,0,0,0,1,1,1,0
/mnt/e/OneDrive/Desktop/result/extract_features/cfiles32/combinations/pals_lcr.3.ufo.BOUNDED-6.pals+Problem12_label01.c,5128,14,785,46995,232,1,3813,2883,6,0,0,0,0,0,0,0,1,0,1,0,0,0,0,0,0,0,0,0
/mnt/e/OneDrive/Desktop/result/extract_features/cfiles32/combinations/pals_lcr.3.ufo.UNBOUNDED.pals+Problem12_label06.c,5133,15,786,47005,232,1,3814,2882,6,0,1,0,0,0,0,0,0,0,0,0,0,0,0,0,0,0,1,0
/mnt/e/OneDrive/Desktop/result/extract_features/cfiles32/combinations/pals_lcr.3.ufo.UNBOUNDED.pals+Problem12_label07.c,5133,15,786,47005,232,1,3814,2882,6,0,0,0,0,0,0,0,1,1,0,0,0,0,1,1,0,1,0,1
/mnt/e/OneDrive/Desktop/result/extract_features/cfiles32/combinations/pals_lcr.3.ufo.UNBOUNDED.pals+Problem12_label08.c,5133,15,786,47005,232,1,3814,2882,6,0,1,0,0,0,1,0,0,0,0,1,0,0,1,1,1,0,0,0
/mnt/e/OneDrive/Desktop/result/extract_features/cfiles32/combinations/pals_lcr.6.1.ufo.BOUNDED-12.pals+Problem12_label01.c,5352,18,821,47901,232,1,3828,2907,6,0,1,0,0,0,0,0,0,0,0,1,0,0,0,0,0,0,0,0
/mnt/e/OneDrive/Desktop/result/extract_features/cfiles32/combinations/pals_lcr.6.1.ufo.UNBOUNDED.pals+Problem12_label01.c,5354,18,822,47897,232,1,3829,2906,6,0,1,0,0,0,0,0,0,1,0,0,0,1,1,1,0,1,0,0
/mnt/e/OneDrive/Desktop/result/extract_features/cfiles32/combinations/pals_lcr.6.1.ufo.UNBOUNDED.pals+Problem12_label02.c,5354,18,822,47897,232,1,3829,2906,6,0,1,0,0,1,0,0,0,0,1,0,0,0,0,1,0,0,0,1
/mnt/e/OneDrive/Desktop/result/extract_features/cfiles32/combinations/pals_lcr.6.1.ufo.UNBOUNDED.pals+Problem12_label04.c,5354,18,822,47897,232,1,3829,2906,6,0,0,0,0,0,0,0,0,0,0,0,0,0,0,0,0,0,0,1
/mnt/e/OneDrive/Desktop/result/extract_features/cfiles32/combinations/pals_lcr.6.ufo.BOUNDED-12.pals+Problem12_label07.c,5350,18,821,47897,232,1,3828,2907,6,1,1,0,0,0,0,0,0,0,0,0,0,0,0,0,0,0,1,0
/mnt/e/OneDrive/Desktop/result/extract_features/cfiles32/combinations/pals_lcr.6.ufo.BOUNDED-12.pals+Problem12_label08.c,5350,18,821,47897,232,1,3828,2907,6,0,1,0,0,0,0,0,0,0,0,0,0,0,0,0,0,0,0,0
/mnt/e/OneDrive/Desktop/result/extract_features/cfiles32/combinations/pals_lcr.6.ufo.BOUNDED-12.pals+Problem12_label09.c,5350,18,821,47897,232,1,3828,2907,6,0,1,1,0,1,0,0,0,0,0,0,0,0,0,0,0,0,0,1
/mnt/e/OneDrive/Desktop/result/extract_features/cfiles32/combinations/pals_lcr.6_overflow.ufo.UNBOUNDED.pals+Problem12_label04.c,5351,18,821,47909,232,1,3828,2906,6,0,0,0,0,0,0,0,0,1,1,0,0,0,1,0,0,0,1,0
/mnt/e/OneDrive/Desktop/result/extract_features/cfiles32/combinations/pals_lcr.6_overflow.ufo.UNBOUNDED.pals+Problem12_label05.c,5351,18,821,47909,232,1,3828,2906,6,0,1,1,0,0,0,1,0,1,1,0,0,1,1,0,1,0,1,0
/mnt/e/OneDrive/Desktop/result/extract_features/cfiles32/combinations/pals_lcr.6_overflow.ufo.UNBOUNDED.pals+Problem12_label09.c,5351,18,821,47909,232,1,3828,2906,6,0,0,0,1,0,0,0,0,0,0,1,0,0,0,0,0,0,0,0
/mnt/e/OneDrive/Desktop/result/extract_features/cfiles32/combinations/pals_lcr.7.1.ufo.BOUNDED-14.pals+Problem12_label01.c,5433,19,835,48231,232,1,3833,2917,6,0,0,1,0,0,0,0,0,0,0,0,0,0,0,0,0,0,0,0
/mnt/e/OneDrive/Desktop/result/extract_features/cfiles32/combinations/pals_lcr.7.1.ufo.BOUNDED-14.pals+Problem12_label02.c,5433,19,835,48231,232,1,3833,2917,6,0,0,0,0,0,0,0,0,0,1,0,0,0,0,0,0,0,0,0
/mnt/e/OneDrive/Desktop/result/extract_features/cfiles32/combinations/pals_lcr.7.1.ufo.BOUNDED-14.pals+Problem12_label04.c,5433,19,835,48231,232,1,3833,2917,6,0,1,0,0,0,0,0,0,0,0,0,0,0,0,0,0,0,0,0
/mnt/e/OneDrive/Desktop/result/extract_features/cfiles32/combinations/pals_lcr.7.1.ufo.BOUNDED-14.pals+Problem12_label05.c,5433,19,835,48231,232,1,3833,2917,6,1,0,0,0,0,0,0,0,1,1,1,1,1,1,1,0,0,1,0
/mnt/e/OneDrive/Desktop/result/extract_features/cfiles32/combinations/pals_lcr.7.1.ufo.BOUNDED-14.pals+Problem12_label09.c,5433,19,835,48231,232,1,3833,2917,6,0,0,0,0,0,0,0,0,0,1,0,0,0,0,0,1,0,0,0
/mnt/e/OneDrive/Desktop/result/extract_features/cfiles32/combinations/pals_lcr.7.1.ufo.UNBOUNDED.pals+Problem12_label02.c,5435,19,836,48227,232,1,3834,2916,6,0,0,0,0,0,0,0,0,0,0,0,0,0,1,0,0,0,0,1
/mnt/e/OneDrive/Desktop/result/extract_features/cfiles32/combinations/pals_lcr.7.1.ufo.UNBOUNDED.pals+Problem12_label04.c,5435,19,836,48227,232,1,3834,2916,6,0,0,0,0,0,0,1,0,0,0,0,0,0,0,0,0,0,0,0
/mnt/e/OneDrive/Desktop/result/extract_features/cfiles32/combinations/pals_lcr.7.1.ufo.UNBOUNDED.pals+Problem12_label05.c,5435,19,836,48227,232,1,3834,2916,6,1,0,0,0,0,0,0,0,0,0,0,0,0,0,0,0,0,0,0
/mnt/e/OneDrive/Desktop/result/extract_features/cfiles32/combinations/pals_lcr.7.1.ufo.UNBOUNDED.pals+Problem12_label09.c,5435,19,836,48227,232,1,3834,2916,6,0,0,1,0,0,0,0,0,0,0,0,0,0,0,0,0,0,0,0
/mnt/e/OneDrive/Desktop/result/extract_features/cfiles32/combinations/pals_lcr.7.ufo.BOUNDED-14.pals+Problem12_label00.c,5431,19,835,48227,232,1,3833,2917,6,0,0,0,0,0,0,0,0,0,0,0,0,0,0,0,0,0,1,0
/mnt/e/OneDrive/Desktop/result/extract_features/cfiles32/combinations/pals_lcr.7.ufo.BOUNDED-14.pals+Problem12_label01.c,5431,19,835,48227,232,1,3833,2917,6,0,0,0,0,1,0,0,0,0,1,0,0,0,0,0,1,0,0,0
/mnt/e/OneDrive/Desktop/result/extract_features/cfiles32/combinations/pals_lcr.7.ufo.BOUNDED-14.pals+Problem12_label02.c,5431,19,835,48227,232,1,3833,2917,6,0,0,0,0,0,0,0,0,0,0,0,0,0,0,1,0,0,0,1
/mnt/e/OneDrive/Desktop/result/extract_features/cfiles32/combinations/pals_lcr.7.ufo.BOUNDED-14.pals+Problem12_label03.c,5431,19,835,48227,232,1,3833,2917,6,1,1,0,0,0,0,0,1,1,1,0,0,0,0,0,0,0,1,0
/mnt/e/OneDrive/Desktop/result/extract_features/cfiles32/combinations/square_1+soft_float_4-2a.c.cil.c,311,9,28,1056,13,1,3,21,5,0,0,1,0,0,1,0,1,0,0,0,0,0,0,0,1,0,0,0
/mnt/e/OneDrive/Desktop/result/extract_features/cfiles32/combinations/square_2+soft_float_1-2a.c.cil.c,404,9,44,1264,16,1,6,35,5,0,0,0,0,1,0,0,0,0,0,0,0,0,0,0,0,0,0,0
/mnt/e/OneDrive/Desktop/result/extract_features/cfiles32/combinations/square_2+soft_float_2a.c.cil.c,323,9,30,1050,13,1,4,21,4,1,0,0,0,0,0,1,0,0,0,0,0,0,0,0,0,1,0,0
/mnt/e/OneDrive/Desktop/result/extract_features/cfiles32/combinations/square_2+soft_float_4-2a.c.cil.c,311,9,28,1056,13,1,3,21,5,0,1,0,0,1,0,0,0,0,0,0,0,1,0,0,0,0,0,0
/mnt/e/OneDrive/Desktop/result/extract_features/cfiles32/combinations/square_3+soft_float_4-2a.c.cil.c,311,9,28,1056,13,1,3,21,5,0,0,1,0,1,1,0,0,1,0,0,0,0,0,0,0,0,0,1
/mnt/e/OneDrive/Desktop/result/extract_features/cfiles32/eca-rers2012/Problem01_label00.c,604,3,130,6045,80,1,1075,6,4,1,1,1,1,1,1,1,1,1,1,1,1,1,1,1,1,1,1,1
/mnt/e/OneDrive/Desktop/result/extract_features/cfiles32/eca-rers2012/Problem01_label57.c,604,3,130,6045,80,1,1075,6,4,1,1,1,1,1,1,1,1,1,1,1,1,1,1,1,1,1,1,1
/mnt/e/OneDrive/Desktop/result/extract_features/cfiles32/eca-rers2012/Problem01_label58.c,604,3,130,6045,80,1,1075,6,4,1,1,1,1,1,1,1,1,1,1,1,1,1,1,1,1,1,1,1
/mnt/e/OneDrive/Desktop/result/extract_features/cfiles32/eca-rers2012/Problem01_label59.c,604,3,130,6045,80,1,1075,6,4,1,1,1,1,1,1,1,1,1,1,1,1,1,1,1,1,1,1,1
/mnt/e/OneDrive/Desktop/result/extract_features/cfiles32/eca-rers2012/Problem02_label21.c,627,3,149,5644,88,1,991,5,4,1,1,1,1,1,1,1,1,1,1,1,1,1,1,1,1,1,1,1
/mnt/e/OneDrive/Desktop/result/extract_features/cfiles32/eca-rers2012/Problem02_label22.c,627,3,149,5644,88,1,991,5,4,1,1,1,1,1,1,1,1,1,1,1,1,1,1,1,1,1,1,1
/mnt/e/OneDrive/Desktop/result/extract_features/cfiles32/eca-rers2012/Problem02_label23.c,627,3,149,5644,88,1,991,5,4,1,1,1,1,1,1,1,1,1,1,1,1,1,1,1,1,1,1,1
/mnt/e/OneDrive/Desktop/result/extract_features/cfiles32/eca-rers2012/Problem02_label44.c,627,3,149,5644,88,1,991,5,4,1,1,1,1,1,1,1,1,1,1,1,1,1,1,1,1,1,1,1
/mnt/e/OneDrive/Desktop/result/extract_features/cfiles32/eca-rers2012/Problem02_label45.c,627,3,149,5644,88,1,991,5,4,1,1,1,1,1,1,1,1,1,1,1,1,1,1,1,1,1,1,1
/mnt/e/OneDrive/Desktop/result/extract_features/cfiles32/eca-rers2012/Problem02_label46.c,627,3,149,5644,88,1,991,5,4,1,1,1,1,1,1,1,1,1,1,1,1,1,1,1,1,1,1,1
/mnt/e/OneDrive/Desktop/result/extract_features/cfiles32/eca-rers2012/Problem02_label47.c,627,3,149,5644,88,1,991,5,4,1,1,1,1,1,1,1,1,1,1,1,1,1,1,1,1,1,1,1
/mnt/e/OneDrive/Desktop/result/extract_features/cfiles32/eca-rers2012/Problem03_label05.c,1679,3,218,17838,155,1,3060,6,4,1,1,1,1,1,1,1,1,1,1,1,1,1,1,1,1,1,1,1
/mnt/e/OneDrive/Desktop/result/extract_features/cfiles32/eca-rers2012/Problem03_label06.c,1679,3,218,17838,155,1,3060,6,4,1,1,1,1,1,1,1,1,1,1,1,1,1,1,1,1,1,1,1
/mnt/e/OneDrive/Desktop/result/extract_features/cfiles32/eca-rers2012/Problem10_label50.c,602,3,139,5736,87,1,649,301,4,1,1,1,1,1,1,1,1,1,1,1,1,1,1,1,1,1,1,1
/mnt/e/OneDrive/Desktop/result/extract_features/cfiles32/eca-rers2012/Problem10_label51.c,602,3,139,5736,87,1,649,301,4,1,1,1,1,1,1,1,1,1,1,1,1,1,1,1,1,1,1,1
/mnt/e/OneDrive/Desktop/result/extract_features/cfiles32/eca-rers2012/Problem11_label25.c,1054,3,200,10833,132,1,1023,632,4,1,1,1,1,1,1,1,1,1,1,1,1,1,1,1,1,1,1,1
/mnt/e/OneDrive/Desktop/result/extract_features/cfiles32/eca-rers2012/Problem11_label26.c,1054,3,200,10833,132,1,1023,632,4,1,1,1,1,1,1,1,1,1,1,1,1,1,1,1,1,1,1,1
/mnt/e/OneDrive/Desktop/result/extract_features/cfiles32/eca-rers2012/Problem11_label27.c,1054,3,200,10833,132,1,1023,632,4,1,1,1,1,1,1,1,1,1,1,1,1,1,1,1,1,1,1,1
/mnt/e/OneDrive/Desktop/result/extract_features/cfiles32/eca-rers2012/Problem11_label35.c,1054,3,200,10833,132,1,1023,632,4,1,1,1,1,1,1,1,1,1,1,1,1,1,1,1,1,1,1,1
/mnt/e/OneDrive/Desktop/result/extract_features/cfiles32/eca-rers2012/Problem14_label53.c,900,3,178,7219,124,1,783,349,4,1,1,1,1,1,1,1,1,1,1,1,1,1,1,1,1,1,1,1
/mnt/e/OneDrive/Desktop/result/extract_features/cfiles32/eca-rers2012/Problem14_label54.c,900,3,178,7219,124,1,783,349,4,1,1,1,1,1,1,1,1,1,1,1,1,1,1,1,1,1,1,1
/mnt/e/OneDrive/Desktop/result/extract_features/cfiles32/eca-rers2012/Problem16_label06.c,1793,4,328,15798,232,1,1401,883,4,0,1,0,1,1,0,0,0,1,1,1,1,0,1,1,0,1,1,0
/mnt/e/OneDrive/Desktop/result/extract_features/cfiles32/eca-rers2012/Problem16_label07.c,1793,4,328,15798,232,1,1401,883,4,0,0,1,1,1,0,0,0,1,1,1,1,1,0,1,1,1,1,0
/mnt/e/OneDrive/Desktop/result/extract_features/cfiles32/float-benchs/Muller_Kahan.c,29,3,3,129,11,1,0,3,4,1,1,1,1,1,1,1,1,1,1,1,1,1,1,1,1,1,1,1
/mnt/e/OneDrive/Desktop/result/extract_features/cfiles32/float-benchs/Rump_float.c,24,3,2,168,17,0,0,1,4,1,1,1,1,1,1,1,1,1,1,1,1,1,1,1,1,1,1,1
/mnt/e/OneDrive/Desktop/result/extract_features/cfiles32/float-benchs/sin_interpolated_bigrange_loose.c,157,8,6,829,13,0,0,7,5,0,1,0,1,0,1,1,1,1,1,1,1,1,0,0,0,1,1,0
/mnt/e/OneDrive/Desktop/result/extract_features/cfiles32/float-newlib/double_req_bl_0220a.c,667,12,113,3105,17,2,25,64,6,1,1,1,1,1,1,1,1,1,1,1,1,1,1,1,1,1,1,1
/mnt/e/OneDrive/Desktop/result/extract_features/cfiles32/float-newlib/double_req_bl_0220b.c,667,12,113,3107,17,2,25,64,6,1,1,1,1,1,1,1,1,1,1,1,1,1,1,1,1,1,1,1
/mnt/e/OneDrive/Desktop/result/extract_features/cfiles32/float-newlib/double_req_bl_0660b.c,274,5,45,962,17,1,7,21,4,1,0,0,1,1,1,1,1,0,1,0,1,0,1,1,1,0,0,1
/mnt/e/OneDrive/Desktop/result/extract_features/cfiles32/float-newlib/double_req_bl_0876.c,621,9,105,2662,18,1,37,55,4,1,1,1,1,1,1,1,1,1,1,1,1,1,1,1,1,1,1,1
/mnt/e/OneDrive/Desktop/result/extract_features/cfiles32/float-newlib/double_req_bl_0970b.c,189,5,23,787,14,1,7,9,3,1,1,1,1,1,1,1,1,1,1,1,1,1,1,1,1,1,1,1
/mnt/e/OneDrive/Desktop/result/extract_features/cfiles32/float-newlib/double_req_bl_1031.c,93,4,12,304,12,1,5,5,3,1,1,1,1,1,1,1,1,1,1,1,1,1,1,1,1,1,1,1
/mnt/e/OneDrive/Desktop/result/extract_features/cfiles32/float-newlib/float_req_bl_0240a.c,643,13,105,3103,16,2,19,63,6,1,1,1,1,1,1,1,1,1,1,1,1,1,1,1,1,1,1,1
/mnt/e/OneDrive/Desktop/result/extract_features/cfiles32/float-newlib/float_req_bl_0240b.c,642,13,105,3104,16,2,19,63,6,1,1,1,1,1,1,1,1,1,1,1,1,1,1,1,1,1,1,1
/mnt/e/OneDrive/Desktop/result/extract_features/cfiles32/float-newlib/float_req_bl_0660a.c,245,5,44,901,17,1,7,20,4,1,0,0,1,1,0,1,1,1,0,1,1,1,1,1,1,1,0,1
/mnt/e/OneDrive/Desktop/result/extract_features/cfiles32/float-newlib/float_req_bl_0661a.c,243,5,44,896,17,1,6,20,4,0,1,1,1,1,0,1,0,0,0,1,0,0,0,0,0,1,1,1
/mnt/e/OneDrive/Desktop/result/extract_features/cfiles32/float-newlib/float_req_bl_0661b.c,246,5,44,894,17,1,6,20,4,1,1,1,0,0,0,1,0,0,0,1,0,0,0,0,0,1,0,1
/mnt/e/OneDrive/Desktop/result/extract_features/cfiles32/float-newlib/float_req_bl_1231.c,96,6,12,325,12,1,6,13,3,1,1,1,1,1,1,1,1,1,1,1,1,1,1,1,1,1,1,1
/mnt/e/OneDrive/Desktop/result/extract_features/cfiles32/floats-cbmc-regression/float-no-simp1.c,20,2,2,75,8,0,1,0,3,1,1,1,1,1,1,1,1,1,1,1,1,1,1,1,1,1,1,1
/mnt/e/OneDrive/Desktop/result/extract_features/cfiles32/floats-cbmc-regression/float-to-double1.i,978,2,2,4176,14,0,5,0,2,1,1,1,1,1,1,1,1,1,1,1,1,1,1,1,1,1,1,1
/mnt/e/OneDrive/Desktop/result/extract_features/cfiles32/floats-cbmc-regression/float2.c,31,2,5,105,8,0,4,0,3,1,1,1,1,1,1,1,1,1,1,1,1,1,1,1,1,1,1,1
/mnt/e/OneDrive/Desktop/result/extract_features/cfiles32/floats-cdfpl/newton_1_1.i,55,5,3,246,13,0,0,3,3,1,1,1,1,1,1,1,1,1,1,1,1,1,1,1,1,1,1,1
/mnt/e/OneDrive/Desktop/result/extract_features/cfiles32/floats-cdfpl/newton_2_3.i,55,5,3,259,13,0,0,3,3,1,1,1,1,1,1,1,1,1,1,1,1,1,1,1,1,1,1,1
/mnt/e/OneDrive/Desktop/result/extract_features/cfiles32/floats-cdfpl/sine_4.i,41,3,3,191,13,0,0,4,3,1,0,1,0,1,0,1,0,1,1,0,1,0,1,0,1,0,1,0
/mnt/e/OneDrive/Desktop/result/extract_features/cfiles32/floats-esbmc-regression/Double_div.i.p+cfa-reducer.c,43,2,3,117,11,0,2,1,3,1,1,1,1,1,1,1,1,1,1,1,1,1,1,1,1,1,1,1
/mnt/e/OneDrive/Desktop/result/extract_features/cfiles32/floats-esbmc-regression/Float_div.i,32,3,3,136,9,1,1,1,3,1,1,1,1,1,1,1,1,1,1,1,1,1,1,1,1,1,1,1
/mnt/e/OneDrive/Desktop/result/extract_features/cfiles32/floats-esbmc-regression/digits_for.c,26,3,3,126,12,1,1,1,4,1,1,1,1,1,1,1,1,1,1,1,1,1,1,1,1,1,1,1
/mnt/e/OneDrive/Desktop/result/extract_features/cfiles32/ldv-regression/fo_test.i,1006,11,2,3763,13,0,1,1,5,1,1,1,1,1,1,1,1,1,1,1,1,1,1,1,1,1,1,1
/mnt/e/OneDrive/Desktop/result/extract_features/cfiles32/ldv-regression/test10.c,58,3,2,170,8,0,0,2,3,1,1,1,1,1,1,1,1,1,1,1,1,1,1,1,1,1,1,1
/mnt/e/OneDrive/Desktop/result/extract_features/cfiles32/ldv-regression/test22-2.c,59,5,4,225,10,1,2,3,3,1,1,0,1,0,1,1,1,1,1,1,1,1,0,1,0,1,0,1
/mnt/e/OneDrive/Desktop/result/extract_features/cfiles32/ldv-regression/test_overflow.i,770,9,1,3693,13,0,1,0,4,1,1,1,1,1,1,1,1,1,1,1,1,1,1,1,1,1,1,1
/mnt/e/OneDrive/Desktop/result/extract_features/cfiles32/ldv-regression/test_union.c_1.i,34,3,1,92,8,0,1,0,4,1,1,1,1,1,1,1,1,1,1,1,1,1,1,1,1,1,1,1
/mnt/e/OneDrive/Desktop/result/extract_features/cfiles32/ldv-regression/volatile_alias.i,19,2,2,80,9,0,0,1,3,1,1,1,1,1,1,1,1,1,1,1,1,1,1,1,1,1,1,1
/mnt/e/OneDrive/Desktop/result/extract_features/cfiles32/list-ext-properties/960521-1_1-1.i,550,8,5,2242,13,1,0,3,2,1,1,1,1,1,1,1,1,1,1,1,1,1,1,1,1,1,1,1
/mnt/e/OneDrive/Desktop/result/extract_features/cfiles32/list-ext-properties/test-0504_1.i,588,7,9,2420,14,2,0,5,2,1,1,1,1,1,1,1,1,1,1,1,1,1,1,1,1,1,1,1
/mnt/e/OneDrive/Desktop/result/extract_features/cfiles32/list-ext-properties/test-0513_1.i,601,7,15,2458,14,2,0,8,2,1,1,1,1,1,1,1,1,1,1,1,1,1,1,1,1,1,1,1
/mnt/e/OneDrive/Desktop/result/extract_features/cfiles32/list-ext3-properties/dll_circular_traversal-1.i,627,6,8,2363,15,1,2,5,3,1,1,1,1,1,1,1,1,1,1,1,1,1,1,1,1,1,1,1
/mnt/e/OneDrive/Desktop/result/extract_features/cfiles32/list-ext3-properties/dll_circular_traversal-2.i,629,6,8,2373,15,1,2,5,3,1,1,1,1,1,1,1,1,1,1,1,1,1,1,1,1,1,1,1
/mnt/e/OneDrive/Desktop/result/extract_features/cfiles32/list-properties/list_search-2.i,824,11,8,3937,13,1,2,4,3,1,1,1,1,1,1,1,1,1,1,1,1,1,1,1,1,1,1,1
/mnt/e/OneDrive/Desktop/result/extract_features/cfiles32/list-simple/dll2c_append_equal.i,648,9,10,2464,15,1,2,6,4,1,1,1,1,1,1,1,1,1,1,1,1,1,1,1,1,1,1,1
/mnt/e/OneDrive/Desktop/result/extract_features/cfiles32/list-simple/dll2c_append_unequal.i,653,9,11,2480,15,1,2,7,4,1,1,1,1,1,1,1,1,1,1,1,1,1,1,1,1,1,1,1
/mnt/e/OneDrive/Desktop/result/extract_features/cfiles32/list-simple/sll2n_update_all_reverse.i,633,10,9,2403,15,1,1,6,4,1,1,1,1,1,1,1,1,1,1,1,1,1,1,1,1,1,1,1
/mnt/e/OneDrive/Desktop/result/extract_features/cfiles32/loop-acceleration/array_1-2.c,28,3,3,103,9,1,1,1,4,1,1,1,1,1,1,1,1,1,1,1,1,1,1,1,1,1,1,1
/mnt/e/OneDrive/Desktop/result/extract_features/cfiles32/loop-acceleration/simple_1-2_abstracted.c,45,3,3,161,9,0,0,1,4,1,1,1,1,1,1,1,1,1,1,1,1,1,1,1,1,1,1,1
/mnt/e/OneDrive/Desktop/result/extract_features/cfiles32/loop-crafted/simple_array_index_value_1-1.i,45,3,5,164,12,1,2,3,3,1,1,1,1,1,1,1,1,1,1,1,1,1,1,1,1,1,1,1
/mnt/e/OneDrive/Desktop/result/extract_features/cfiles32/loop-crafted/simple_array_index_value_1-2.i,52,4,5,179,9,1,1,2,3,1,1,1,1,1,1,1,1,1,1,1,1,1,1,1,1,1,1,1
/mnt/e/OneDrive/Desktop/result/extract_features/cfiles32/loop-crafted/simple_array_index_value_3.i,49,4,5,188,11,1,2,2,3,1,1,1,1,1,1,1,1,1,1,1,1,1,1,1,1,1,1,1
/mnt/e/OneDrive/Desktop/result/extract_features/cfiles32/loop-crafted/simple_array_index_value_4.i.v+nlh-reducer.c,179,3,17,384,30,1,6,10,3,1,1,1,1,1,1,1,1,1,1,1,1,1,1,1,1,1,1,1
/mnt/e/OneDrive/Desktop/result/extract_features/cfiles32/loop-floats-scientific-comp/loop2-2.c,58,4,5,212,11,1,2,3,4,1,1,1,1,1,1,1,1,1,1,1,1,1,1,1,1,1,1,1
/mnt/e/OneDrive/Desktop/result/extract_features/cfiles32/loop-industry-pattern/aiob_4.c.v+lh-reducer.c,244,2,7,1547,18,0,3,3,3,1,1,1,1,1,1,1,1,1,1,1,1,1,1,1,1,1,1,1
/mnt/e/OneDrive/Desktop/result/extract_features/cfiles32/loop-industry-pattern/ofuf_3.c,473,12,41,1836,18,2,8,29,5000,1,1,1,1,1,1,1,1,1,1,1,1,1,1,1,1,1,1,1
/mnt/e/OneDrive/Desktop/result/extract_features/cfiles32/loop-invariants/linear-inequality-inv-a.c,40,2,5,105,8,1,1,3,5000,1,1,0,1,1,1,1,0,1,1,1,1,1,1,1,1,1,0,1
/mnt/e/OneDrive/Desktop/result/extract_features/cfiles32/loop-invgen/fragtest_simple.i,56,4,8,240,9,1,0,5,5000,1,1,1,1,1,1,1,1,1,0,1,1,1,0,1,0,1,1,1
/mnt/e/OneDrive/Desktop/result/extract_features/cfiles32/loop-invgen/nest-if3.i,39,4,9,208,11,2,0,6,5000,1,0,0,0,1,0,0,0,0,0,0,0,0,0,0,0,0,0,0
/mnt/e/OneDrive/Desktop/result/extract_features/cfiles32/loop-lit/hhk2008.i,39,4,6,198,9,1,1,4,5000,0,0,0,0,1,0,1,0,1,1,0,1,0,1,0,1,0,0,0
/mnt/e/OneDrive/Desktop/result/extract_features/cfiles32/loop-lit/mine2017-ex4.10.i,25,3,3,142,9,1,0,5,5000,1,1,1,1,1,1,1,1,1,1,1,1,1,1,1,1,1,1,1
/mnt/e/OneDrive/Desktop/result/extract_features/cfiles32/loop-lit/mine2017-ex4.7.i,28,3,5,147,10,1,2,3,5000,1,1,1,1,1,1,1,1,1,1,1,1,1,1,1,1,1,1,1
/mnt/e/OneDrive/Desktop/result/extract_features/cfiles32/loop-new/count_by_1.i,30,4,4,154,9,1,1,1,5000,1,1,1,1,1,1,1,1,1,1,1,1,1,1,1,1,1,1,1
/mnt/e/OneDrive/Desktop/result/extract_features/cfiles32/loop-new/count_by_2.i,30,4,4,155,9,1,1,1,5000,1,1,1,1,1,1,1,1,1,1,1,1,1,1,1,1,1,1,1
/mnt/e/OneDrive/Desktop/result/extract_features/cfiles32/loop-new/half.i,37,4,6,191,9,1,2,4,5000,1,1,1,1,1,1,1,1,1,1,1,1,1,1,1,1,1,1,1
/mnt/e/OneDrive/Desktop/result/extract_features/cfiles32/loop-new/nested-1.i,39,4,7,205,9,2,0,7,5000,1,1,1,1,1,1,1,1,1,1,1,1,1,1,1,1,1,1,1
/mnt/e/OneDrive/Desktop/result/extract_features/cfiles32/loop-simple/nested_2.c,26,2,4,81,8,2,2,2,5000,1,1,1,1,1,1,1,1,1,1,1,1,1,1,1,1,1,1,1
/mnt/e/OneDrive/Desktop/result/extract_features/cfiles32/loop-simple/nested_3.c,29,2,5,99,10,3,3,3,5000,1,1,1,1,1,1,1,1,1,1,1,1,1,1,1,1,1,1,1
/mnt/e/OneDrive/Desktop/result/extract_features/cfiles32/loop-simple/nested_5.c,35,2,7,135,14,5,5,5,5000,1,1,1,1,1,1,1,1,1,1,1,1,1,1,1,1,1,1,1
/mnt/e/OneDrive/Desktop/result/extract_features/cfiles32/loops-crafted-1/in-de61.c,62,3,8,157,9,1,1,6,5000,1,1,1,1,1,1,1,1,1,1,1,1,1,1,1,1,1,1,1
/mnt/e/OneDrive/Desktop/result/extract_features/cfiles32/loops-crafted-1/sumt2.c,40,4,6,168,9,1,1,2,5000,1,1,1,1,1,1,1,1,1,1,1,1,1,1,1,1,1,1,1
/mnt/e/OneDrive/Desktop/result/extract_features/cfiles32/loops-crafted-1/watermelon.c,74,5,9,216,9,1,1,8,5000,1,1,1,1,1,1,1,1,1,1,1,1,1,1,1,1,1,1,1
/mnt/e/OneDrive/Desktop/result/extract_features/cfiles32/nla-digbench-scaling/cohendiv-ll_valuebound20.c,73,4,7,272,13,2,5,9,5000,1,1,1,1,1,1,1,1,1,1,1,1,1,1,1,1,1,1,1
/mnt/e/OneDrive/Desktop/result/extract_features/cfiles32/nla-digbench-scaling/geo2-ll_valuebound2.c,54,4,5,210,13,1,2,5,5000,1,1,1,1,1,1,1,1,1,1,1,1,1,1,1,1,1,1,1
/mnt/e/OneDrive/Desktop/result/extract_features/cfiles32/nla-digbench/cohendiv-ll.c,71,4,7,252,13,2,5,5,5000,1,1,1,1,1,1,1,1,1,1,1,1,1,1,1,1,1,1,1
/mnt/e/OneDrive/Desktop/result/extract_features/cfiles32/nla-digbench/cohendiv.c,70,4,7,252,13,2,5,5,5000,1,1,1,1,1,1,1,1,1,1,1,1,1,1,1,1,1,1,1
/mnt/e/OneDrive/Desktop/result/extract_features/cfiles32/nla-digbench/geo3.c,51,4,5,201,13,1,2,1,5000,1,1,1,1,1,1,1,1,1,1,1,1,1,1,1,1,1,1,1
/mnt/e/OneDrive/Desktop/result/extract_features/cfiles32/nla-digbench/lcm2.c,62,4,6,229,11,1,2,6,5000,1,1,1,1,1,1,1,1,1,1,1,1,1,1,1,1,1,1,1
/mnt/e/OneDrive/Desktop/result/extract_features/cfiles32/ntdrivers-simplified/cdaudio_simpl1.cil-1.c,2160,29,195,5598,57,1,108,57,5000,0,0,0,0,0,0,0,0,0,0,1,0,0,0,0,0,0,0,0
/mnt/e/OneDrive/Desktop/result/extract_features/cfiles32/ntdrivers-simplified/cdaudio_simpl1.cil-2.c,2155,29,194,5590,57,1,108,56,5000,0,1,0,0,0,0,0,0,0,0,0,0,0,0,0,0,0,0,0
/mnt/e/OneDrive/Desktop/result/extract_features/cfiles32/ntdrivers-simplified/diskperf_simpl1.cil.c,1107,26,93,3022,26,1,55,20,5000,0,0,0,0,0,0,0,0,1,1,1,0,0,0,0,0,0,0,0
/mnt/e/OneDrive/Desktop/result/extract_features/cfiles32/ntdrivers-simplified/floppy_simpl3.cil-1.c,1144,25,104,2990,29,1,60,24,5000,0,0,0,0,1,0,0,0,0,0,1,0,0,0,0,1,0,0,0
/mnt/e/OneDrive/Desktop/result/extract_features/cfiles32/ntdrivers-simplified/floppy_simpl3.cil-2.c,1158,26,104,3028,29,1,60,24,5000,0,0,0,0,0,0,0,0,0,0,0,0,0,0,0,0,0,1,0
/mnt/e/OneDrive/Desktop/result/extract_features/cfiles32/ntdrivers-simplified/floppy_simpl4.cil-1.c,1637,29,147,4137,54,1,81,38,5000,0,0,0,0,0,0,0,0,0,1,0,0,0,0,0,0,0,0,0
/mnt/e/OneDrive/Desktop/result/extract_features/cfiles32/ntdrivers-simplified/floppy_simpl4.cil-2.c,1637,29,147,4138,54,1,81,38,5000,0,0,0,0,0,0,0,0,0,0,0,0,1,0,0,0,0,0,0
/mnt/e/OneDrive/Desktop/result/extract_features/cfiles32/ntdrivers-simplified/kbfiltr_simpl1.cil.c,591,12,67,1414,55,0,48,12,5000,0,0,0,0,0,0,1,0,0,0,0,0,0,0,0,0,0,0,0
/mnt/e/OneDrive/Desktop/result/extract_features/cfiles32/ntdrivers-simplified/kbfiltr_simpl2.cil-1.c,1023,17,108,2402,55,0,79,16,5000,0,0,0,0,0,0,0,0,0,0,0,1,0,0,0,0,0,0,0
/mnt/e/OneDrive/Desktop/result/extract_features/cfiles32/openssl-simplified/s3_clnt_2.cil-1.c,572,3,90,1385,85,1,43,25,5000,0,0,1,1,1,0,0,1,0,0,1,0,0,0,0,0,0,0,0
/mnt/e/OneDrive/Desktop/result/extract_features/cfiles32/openssl-simplified/s3_clnt_3.cil-3.c,596,3,90,1486,85,1,43,25,5000,1,0,0,0,1,1,0,0,0,0,0,0,0,0,0,0,0,0,0
/mnt/e/OneDrive/Desktop/result/extract_features/cfiles32/openssl-simplified/s3_srvr_8.cil.c,655,3,107,1536,97,1,51,28,5000,0,0,0,0,0,0,0,0,0,0,0,0,0,0,0,0,0,1,0
/mnt/e/OneDrive/Desktop/result/extract_features/cfiles32/openssl/s3_srvr.blast.07.i.cil-1.c,1768,6,108,6452,97,1,51,27,5000,0,0,0,0,0,0,0,0,1,0,0,0,0,0,0,0,1,0,0
/mnt/e/OneDrive/Desktop/result/extract_features/cfiles32/openssl/s3_srvr.blast.09.i.cil-1.c,1768,6,108,6452,97,1,51,27,5000,0,0,0,0,0,0,0,0,0,0,0,0,1,0,1,0,1,1,0
/mnt/e/OneDrive/Desktop/result/extract_features/cfiles32/openssl/s3_srvr.blast.15.i.cil-2.c,1781,6,112,6490,97,1,55,27,5000,0,0,0,0,0,0,1,0,0,0,0,0,1,0,1,1,0,0,0
/mnt/e/OneDrive/Desktop/result/extract_features/cfiles32/product-lines/elevator_spec1_product01.cil.c,3319,70,385,7830,41,2,222,38,5000,1,1,1,1,1,1,1,1,1,1,1,1,1,1,1,1,1,1,1
/mnt/e/OneDrive/Desktop/result/extract_features/cfiles32/product-lines/email_spec0_product05.cil.c,2549,89,241,7184,43,1,197,12,5000,1,1,1,1,1,1,1,1,1,1,1,1,1,1,1,1,1,1,1
/mnt/e/OneDrive/Desktop/result/extract_features/cfiles32/product-lines/email_spec11_product07.cil.c,2615,92,242,7399,43,1,197,12,5000,1,1,1,1,1,1,1,1,1,1,1,1,1,1,1,1,1,1,1
/mnt/e/OneDrive/Desktop/result/extract_features/cfiles32/psyco/psyco_abp_1-1.c,579,2,102,2735,23,1,49,192,5000,1,0,0,1,1,0,0,1,0,0,1,0,1,0,0,0,0,0,0
/mnt/e/OneDrive/Desktop/result/extract_features/cfiles32/psyco/psyco_abp_1-2.c,575,2,101,2726,23,1,49,191,5000,0,1,0,0,1,1,1,1,0,1,1,0,0,1,1,1,1,0,1
/mnt/e/OneDrive/Desktop/result/extract_features/cfiles32/psyco/psyco_abp_1-3.c,575,2,101,2726,23,1,49,191,5000,1,1,0,1,1,1,1,1,1,0,1,0,0,1,1,1,1,1,0
/mnt/e/OneDrive/Desktop/result/extract_features/cfiles32/recursive-simple/fibo_10-2.c,31,3,4,118,12,0,1,2,5000,1,1,1,1,1,1,1,1,1,1,1,1,1,1,1,1,1,1,1
/mnt/e/OneDrive/Desktop/result/extract_features/cfiles32/recursive-simple/fibo_2calls_10-1.c,43,4,6,173,12,0,2,3,5000,1,1,1,1,1,1,1,1,1,1,1,1,1,1,1,1,1,1,1
/mnt/e/OneDrive/Desktop/result/extract_features/cfiles32/recursive-simple/fibo_2calls_6-1.c,43,4,6,173,12,0,2,3,5000,1,1,1,1,1,1,1,1,1,1,1,1,1,1,1,1,1,1,1
/mnt/e/OneDrive/Desktop/result/extract_features/cfiles32/recursive-simple/fibo_5-1.c,31,3,4,118,12,0,1,2,5000,1,1,1,1,1,1,1,1,1,1,1,1,1,1,1,1,1,1,1
/mnt/e/OneDrive/Desktop/result/extract_features/cfiles32/recursive-simple/id_i20_o20-1.c,24,3,3,102,9,0,1,1,5000,1,1,1,1,1,1,1,1,1,1,1,1,1,1,1,1,1,1,1
/mnt/e/OneDrive/Desktop/result/extract_features/cfiles32/recursive-simple/id_i25_o25-1.c,24,3,3,102,9,0,1,1,5000,1,1,1,1,1,1,1,1,1,1,1,1,1,1,1,1,1,1,1
/mnt/e/OneDrive/Desktop/result/extract_features/cfiles32/recursive-with-pointer/system-with-recursion.i,982,18,24,4060,15,0,3,4,5000,1,1,1,1,1,1,1,1,1,1,1,1,1,1,1,1,1,1,1
/mnt/e/OneDrive/Desktop/result/extract_features/cfiles32/seq-mthreaded/pals_STARTPALS_ActiveStandby.5.ufo.BOUNDED-10.pals.c,615,19,76,2264,23,1,53,32,5000,1,1,1,1,1,1,1,1,1,1,1,1,1,1,1,1,1,1,1
/mnt/e/OneDrive/Desktop/result/extract_features/cfiles32/seq-mthreaded/pals_STARTPALS_Triplicated.1.ufo.UNBOUNDED.pals.c,537,15,76,1860,20,1,52,16,5000,1,1,1,1,1,1,1,1,1,1,1,1,1,1,1,1,1,1,1
/mnt/e/OneDrive/Desktop/result/extract_features/cfiles32/seq-mthreaded/pals_STARTPALS_Triplicated.ufo.BOUNDED-10.pals.c,539,14,81,1875,20,1,53,17,5000,1,1,1,1,1,1,1,1,1,1,1,1,1,1,1,1,1,1,1
/mnt/e/OneDrive/Desktop/result/extract_features/cfiles32/seq-mthreaded/pals_STARTPALS_Triplicated.ufo.UNBOUNDED.pals.c,541,15,77,1877,20,1,53,16,5000,1,1,1,1,1,1,1,1,1,1,1,1,1,1,1,1,1,1,1
/mnt/e/OneDrive/Desktop/result/extract_features/cfiles32/seq-mthreaded/pals_floodmax.3.1.ufo.BOUNDED-6.pals.c,531,8,85,1825,50,1,31,30,5000,0,0,0,0,0,1,0,1,0,0,0,0,0,0,0,0,0,0,0
/mnt/e/OneDrive/Desktop/result/extract_features/cfiles32/seq-mthreaded/pals_floodmax.3.1.ufo.UNBOUNDED.pals.c,543,9,88,1843,50,1,34,29,5000,0,0,0,0,0,0,0,1,0,0,1,0,0,0,0,0,0,0,1
/mnt/e/OneDrive/Desktop/result/extract_features/cfiles32/seq-mthreaded/pals_floodmax.3.2.ufo.BOUNDED-6.pals.c,555,8,91,1867,62,1,31,30,5000,0,0,1,0,1,0,0,0,0,1,0,0,0,0,0,1,0,0,0
/mnt/e/OneDrive/Desktop/result/extract_features/cfiles32/seq-mthreaded/pals_floodmax.3.ufo.UNBOUNDED.pals.c,567,9,94,1885,62,1,34,29,5000,0,0,0,1,0,0,0,0,0,0,0,0,0,0,0,0,0,0,0
/mnt/e/OneDrive/Desktop/result/extract_features/cfiles32/seq-mthreaded/pals_floodmax.3_overflow.ufo.UNBOUNDED.pals.c,558,9,91,1885,62,1,31,29,5000,0,0,0,0,0,0,0,0,0,0,0,0,0,0,1,0,0,0,0
/mnt/e/OneDrive/Desktop/result/extract_features/cfiles32/seq-mthreaded/pals_floodmax.4.1.ufo.BOUNDED-8.pals.c,1200,10,219,3541,68,1,44,48,5000,0,0,0,0,1,0,0,0,0,0,0,0,0,0,0,0,0,0,0
/mnt/e/OneDrive/Desktop/result/extract_features/cfiles32/seq-mthreaded/pals_floodmax.4.1.ufo.UNBOUNDED.pals.c,1212,10,223,3545,68,1,48,47,5000,0,0,0,0,0,1,0,0,0,0,0,0,0,0,0,0,0,0,0
/mnt/e/OneDrive/Desktop/result/extract_features/cfiles32/seq-mthreaded/pals_floodmax.4.2.ufo.BOUNDED-8.pals.c,1248,10,231,3625,92,1,44,48,5000,0,0,0,0,0,0,0,0,0,0,0,0,0,0,0,1,0,0,0
/mnt/e/OneDrive/Desktop/result/extract_features/cfiles32/seq-mthreaded/pals_lcr-var-start-time.3.ufo.UNBOUNDED.pals.c,314,9,46,1166,42,1,21,24,5000,0,0,0,0,0,0,0,0,0,0,0,0,0,0,0,0,0,0,1
/mnt/e/OneDrive/Desktop/result/extract_features/cfiles32/seq-mthreaded/pals_lcr-var-start-time.4.1.ufo.BOUNDED-8.pals.c,391,9,59,1481,56,1,26,34,5000,0,0,0,0,0,1,1,0,0,0,0,0,0,0,0,0,1,0,1
/mnt/e/OneDrive/Desktop/result/extract_features/cfiles32/seq-mthreaded/pals_lcr-var-start-time.4.2.ufo.BOUNDED-8.pals.c,386,9,58,1452,56,1,25,32,5000,0,1,1,0,0,0,0,1,1,0,0,0,1,1,0,0,0,0,0
/mnt/e/OneDrive/Desktop/result/extract_features/cfiles32/seq-mthreaded/pals_lcr-var-start-time.4.2.ufo.UNBOUNDED.pals.c,391,10,59,1462,56,1,26,31,5000,0,1,0,0,0,0,0,0,1,0,0,1,0,0,1,0,0,0,0
/mnt/e/OneDrive/Desktop/result/extract_features/cfiles32/seq-mthreaded/pals_lcr-var-start-time.4.ufo.BOUNDED-8.pals.c,389,9,59,1477,56,1,26,34,5000,1,0,0,1,0,0,0,1,0,1,1,0,0,0,1,1,0,0,0
/mnt/e/OneDrive/Desktop/result/extract_features/cfiles32/seq-mthreaded/pals_lcr-var-start-time.4.ufo.UNBOUNDED.pals.c,394,10,60,1487,56,1,27,33,5000,0,0,0,0,0,1,0,0,0,0,0,0,0,0,0,1,1,0,0
/mnt/e/OneDrive/Desktop/result/extract_features/cfiles32/seq-mthreaded/pals_lcr-var-start-time.5.2.ufo.BOUNDED-10.pals.c,473,11,73,1804,72,1,31,42,5000,0,0,0,1,0,0,0,0,0,0,0,0,1,1,0,0,0,0,0
/mnt/e/OneDrive/Desktop/result/extract_features/cfiles32/seq-mthreaded/pals_lcr-var-start-time.5.2.ufo.UNBOUNDED.pals.c,475,11,74,1800,72,1,32,41,5000,0,0,0,0,0,1,0,0,0,0,0,0,0,0,0,0,0,0,0
/mnt/e/OneDrive/Desktop/result/extract_features/cfiles32/seq-mthreaded/pals_lcr-var-start-time.5.ufo.BOUNDED-10.pals.c,476,11,74,1829,72,1,32,44,5000,0,0,0,0,1,0,1,0,0,1,0,0,0,0,0,0,0,0,1
/mnt/e/OneDrive/Desktop/result/extract_features/cfiles32/seq-mthreaded/pals_lcr.3.ufo.BOUNDED-6.pals.c,280,8,37,1041,40,1,18,19,5000,0,0,0,0,0,0,0,0,0,0,0,0,1,0,0,0,0,0,0
/mnt/e/OneDrive/Desktop/result/extract_features/cfiles32/seq-mthreaded/pals_lcr.3_overflow.ufo.UNBOUNDED.pals.c,284,9,37,1067,40,1,18,18,5000,0,1,1,0,0,1,0,0,0,1,0,0,0,1,0,0,0,1,0
/mnt/e/OneDrive/Desktop/result/extract_features/cfiles32/seq-mthreaded/pals_lcr.4.1.ufo.BOUNDED-8.pals.c,351,9,48,1324,54,1,23,26,5000,0,0,0,0,0,0,0,0,0,0,0,0,0,0,1,0,0,0,0
/mnt/e/OneDrive/Desktop/result/extract_features/cfiles32/seq-mthreaded/pals_lcr.4.1.ufo.UNBOUNDED.pals.c,356,10,49,1334,54,1,24,25,5000,0,1,1,0,0,0,0,1,0,1,0,1,0,1,1,1,0,0,0
/mnt/e/OneDrive/Desktop/result/extract_features/cfiles32/seq-mthreaded/pals_lcr.4.ufo.BOUNDED-8.pals.c,349,9,48,1320,54,1,23,26,5000,0,0,0,0,0,0,0,0,0,0,0,0,0,0,0,0,1,0,0
/mnt/e/OneDrive/Desktop/result/extract_features/cfiles32/seq-mthreaded/pals_lcr.4.ufo.UNBOUNDED.pals.c,354,10,49,1330,54,1,24,25,5000,0,0,1,0,0,0,1,0,0,0,1,0,0,0,0,0,0,0,1
/mnt/e/OneDrive/Desktop/result/extract_features/cfiles32/seq-mthreaded/pals_lcr.4_overflow.ufo.UNBOUNDED.pals.c,353,10,48,1346,54,1,23,25,5000,1,0,0,0,0,0,1,1,1,1,1,0,0,0,1,0,1,0,1
/mnt/e/OneDrive/Desktop/result/extract_features/cfiles32/seq-mthreaded/pals_lcr.5.1.ufo.BOUNDED-10.pals.c,427,11,60,1634,70,1,28,34,5000,0,0,0,1,0,0,0,0,0,0,0,0,0,0,0,0,0,0,0
/mnt/e/OneDrive/Desktop/result/extract_features/cfiles32/seq-mthreaded/pals_lcr.5.1.ufo.UNBOUNDED.pals.c,429,11,61,1630,70,1,29,33,5000,1,1,0,0,0,0,0,0,0,0,0,1,0,0,0,1,0,0,0
/mnt/e/OneDrive/Desktop/result/extract_features/cfiles32/seq-mthreaded/pals_lcr.5.ufo.BOUNDED-10.pals.c,425,11,60,1630,70,1,28,34,5000,0,1,0,0,0,0,0,0,0,0,0,1,0,0,1,0,0,0,0
/mnt/e/OneDrive/Desktop/result/extract_features/cfiles32/seq-mthreaded/pals_lcr.5.ufo.UNBOUNDED.pals.c,427,11,61,1626,70,1,29,33,5000,0,1,0,1,1,0,0,0,0,0,0,0,0,1,0,0,0,0,1
/mnt/e/OneDrive/Desktop/result/extract_features/cfiles32/seq-mthreaded/pals_lcr.5_overflow.ufo.UNBOUNDED.pals.c,426,11,60,1642,70,1,28,33,5000,0,0,0,1,0,0,1,0,0,1,0,0,0,1,0,0,0,0,0
/mnt/e/OneDrive/Desktop/result/extract_features/cfiles32/seq-mthreaded/pals_lcr.6.1.ufo.BOUNDED-12.pals.c,504,12,73,1947,88,1,33,43,5000,0,0,0,0,0,0,1,0,1,1,0,0,1,0,0,1,0,0,0
/mnt/e/OneDrive/Desktop/result/extract_features/cfiles32/seq-mthreaded/pals_lcr.6.1.ufo.UNBOUNDED.pals.c,506,12,74,1943,88,1,34,42,5000,0,1,0,0,0,0,1,0,0,1,0,0,0,0,0,0,0,0,0
/mnt/e/OneDrive/Desktop/result/extract_features/cfiles32/seq-mthreaded/pals_lcr.6.ufo.BOUNDED-12.pals.c,502,12,73,1943,88,1,33,43,5000,0,0,0,1,0,0,0,1,0,1,0,0,0,0,0,1,0,0,1
/mnt/e/OneDrive/Desktop/result/extract_features/cfiles32/seq-mthreaded/pals_lcr.6.ufo.UNBOUNDED.pals.c,504,12,74,1939,88,1,34,42,5000,0,1,0,0,0,0,0,1,1,0,0,0,0,0,0,0,0,0,0
/mnt/e/OneDrive/Desktop/result/extract_features/cfiles32/seq-mthreaded/pals_lcr.8.1.ufo.BOUNDED-16.pals.c,673,14,102,2652,130,1,43,64,5000,0,0,0,0,0,0,1,0,0,0,0,1,1,0,0,0,0,0,0
/mnt/e/OneDrive/Desktop/result/extract_features/cfiles32/seq-mthreaded/pals_lcr.8.1.ufo.UNBOUNDED.pals.c,675,14,103,2648,130,1,44,63,5000,0,0,0,0,0,0,1,1,1,0,0,0,0,0,0,0,0,0,0
/mnt/e/OneDrive/Desktop/result/extract_features/cfiles32/seq-mthreaded/pals_lcr.8_overflow.ufo.UNBOUNDED.pals.c,672,14,102,2660,130,1,43,63,5000,0,0,0,0,0,0,0,0,0,1,0,1,1,0,0,0,0,0,0
/mnt/e/OneDrive/Desktop/result/extract_features/cfiles32/seq-mthreaded/pals_opt-floodmax.3.1.ufo.BOUNDED-6.pals.c,573,8,94,1966,54,1,31,30,5000,0,0,0,1,0,0,0,0,0,0,0,0,0,0,0,0,0,0,0
/mnt/e/OneDrive/Desktop/result/extract_features/cfiles32/seq-mthreaded/pals_opt-floodmax.3.3.ufo.BOUNDED-6.pals.c,600,9,100,2022,66,1,31,30,5000,0,0,0,1,0,1,0,1,0,0,0,0,0,0,0,0,0,0,0
/mnt/e/OneDrive/Desktop/result/extract_features/cfiles32/seq-mthreaded/pals_opt-floodmax.3.4.ufo.UNBOUNDED.pals.c,609,9,103,2026,66,1,34,29,5000,0,0,0,0,0,0,0,0,0,0,0,0,0,0,0,0,0,1,0
/mnt/e/OneDrive/Desktop/result/extract_features/cfiles32/seq-mthreaded/pals_opt-floodmax.3.ufo.BOUNDED-6.pals.c,600,9,100,2022,66,1,31,30,5000,0,0,0,0,1,0,0,0,0,1,0,1,0,0,0,0,0,0,0
/mnt/e/OneDrive/Desktop/result/extract_features/cfiles32/seq-mthreaded/pals_opt-floodmax.3.ufo.UNBOUNDED.pals.c,609,9,103,2026,66,1,34,29,5000,0,0,0,0,0,0,0,0,1,0,0,0,0,0,0,0,0,0,0
/mnt/e/OneDrive/Desktop/result/extract_features/cfiles32/seq-mthreaded/pals_opt-floodmax.3_overflow.ufo.UNBOUNDED.pals.c,600,9,100,2026,66,1,31,29,5000,0,0,0,0,0,0,0,0,0,0,0,0,0,0,0,1,0,0,0
/mnt/e/OneDrive/Desktop/result/extract_features/cfiles32/seq-mthreaded/pals_opt-floodmax.4.1.ufo.BOUNDED-8.pals.c,1268,10,235,3769,74,1,44,48,5000,0,0,0,0,0,0,0,1,0,0,0,0,0,0,0,0,0,0,0
/mnt/e/OneDrive/Desktop/result/extract_features/cfiles32/seq-mthreaded/pals_opt-floodmax.4.1.ufo.UNBOUNDED.pals.c,1280,10,239,3773,74,1,48,47,5000,0,0,0,0,1,0,0,0,0,0,0,0,0,0,0,0,0,0,0
/mnt/e/OneDrive/Desktop/result/extract_features/cfiles32/seq-mthreaded/pals_opt-floodmax.4.2.ufo.BOUNDED-8.pals.c,1316,10,247,3853,98,1,44,48,5000,0,0,0,0,0,1,0,0,0,0,0,0,0,1,0,0,0,0,0
/mnt/e/OneDrive/Desktop/result/extract_features/cfiles32/seq-mthreaded/pals_opt-floodmax.4.2.ufo.UNBOUNDED.pals.c,1328,10,251,3857,98,1,48,47,5000,0,0,0,0,0,0,0,1,0,0,1,0,0,0,0,0,0,0,0
/mnt/e/OneDrive/Desktop/result/extract_features/cfiles32/seq-mthreaded/pals_opt-floodmax.4.4.ufo.UNBOUNDED.pals.c,1328,10,251,3857,98,1,48,47,5000,0,0,0,0,0,0,0,1,0,0,0,0,0,0,0,1,0,0,0
/mnt/e/OneDrive/Desktop/result/extract_features/cfiles32/seq-mthreaded/pals_opt-floodmax.4.ufo.BOUNDED-8.pals.c,1316,10,247,3853,98,1,44,48,5000,0,0,0,0,0,0,0,0,0,1,0,0,0,0,0,0,0,0,0
/mnt/e/OneDrive/Desktop/result/extract_features/cfiles32/seq-mthreaded/pals_opt-floodmax.4.ufo.UNBOUNDED.pals.c,1331,10,252,3865,98,1,49,47,5000,0,1,0,0,0,0,0,0,0,0,0,1,0,0,0,0,1,0,0
/mnt/e/OneDrive/Desktop/result/extract_features/cfiles32/seq-mthreaded/pals_opt-floodmax.4_overflow.ufo.UNBOUNDED.pals.c,1316,10,247,3857,98,1,44,47,5000,0,0,0,0,0,0,0,0,0,0,0,0,0,1,0,0,1,0,0
/mnt/e/OneDrive/Desktop/result/extract_features/cfiles32/seq-mthreaded/pals_opt-floodmax.5.1.ufo.BOUNDED-10.pals.c,2858,11,583,7255,96,1,59,71,5000,0,0,0,0,0,0,1,0,0,0,0,0,0,0,0,0,0,0,0
/mnt/e/OneDrive/Desktop/result/extract_features/cfiles32/seq-mthreaded/pals_opt-floodmax.5.1.ufo.UNBOUNDED.pals.c,2873,11,588,7259,96,1,64,70,5000,0,0,0,0,0,0,0,0,0,0,0,1,0,0,0,0,0,0,0
/mnt/e/OneDrive/Desktop/result/extract_features/cfiles32/seq-mthreaded/pals_opt-floodmax.5.2.ufo.BOUNDED-10.pals.c,2938,11,603,7395,136,1,59,71,5000,0,0,0,0,0,0,0,0,0,1,0,0,0,0,0,0,0,0,0
/mnt/e/OneDrive/Desktop/result/extract_features/cfiles32/seq-mthreaded/pals_opt-floodmax.5.4.ufo.BOUNDED-10.pals.c,2938,11,603,7395,136,1,59,71,5000,0,0,0,0,0,0,0,0,1,0,0,0,0,0,0,0,0,0,0
/mnt/e/OneDrive/Desktop/result/extract_features/cfiles32/seq-mthreaded/pals_opt-floodmax.5.ufo.BOUNDED-10.pals.c,2938,11,603,7395,136,1,59,71,5000,0,0,0,0,0,1,0,0,0,0,0,0,0,0,0,0,0,0,0
/mnt/e/OneDrive/Desktop/result/extract_features/cfiles32/seq-mthreaded/pals_opt-floodmax.5.ufo.UNBOUNDED.pals.c,2953,11,608,7399,136,1,64,70,5000,0,0,0,0,0,0,0,0,0,0,0,0,0,0,0,0,1,0,0
/mnt/e/OneDrive/Desktop/result/extract_features/cfiles32/seq-mthreaded/pals_opt-floodmax.5_overflow.ufo.UNBOUNDED.pals.c,2938,11,603,7399,136,1,59,70,5000,0,0,0,0,0,0,0,0,0,0,0,0,0,0,1,0,0,0,0
/mnt/e/OneDrive/Desktop/result/extract_features/cfiles32/seq-pthread/cs_fib-1.i,859,25,47,4322,14,2,53,35,5000,1,1,1,1,1,1,1,1,1,1,1,1,1,1,1,1,1,1,1
/mnt/e/OneDrive/Desktop/result/extract_features/cfiles32/seq-pthread/cs_fib_longer-1.i,875,25,47,4506,14,2,61,35,5000,1,1,1,1,1,1,1,1,1,1,1,1,1,1,1,1,1,1,1
/mnt/e/OneDrive/Desktop/result/extract_features/cfiles32/seq-pthread/cs_fib_longer-2.i,873,25,47,4483,13,2,61,35,5000,1,1,1,1,1,1,1,1,1,1,1,1,1,1,1,1,1,1,1
/mnt/e/OneDrive/Desktop/result/extract_features/cfiles32/seq-pthread/cs_lamport.i,950,25,113,4464,14,2,35,100,5000,1,1,1,1,1,1,1,1,1,1,1,1,1,1,1,1,1,1,1
/mnt/e/OneDrive/Desktop/result/extract_features/cfiles32/seq-pthread/cs_lazy.i,807,25,64,3709,13,2,24,41,5000,0,1,1,0,1,1,1,1,1,1,1,1,1,0,1,1,1,0,1
/mnt/e/OneDrive/Desktop/result/extract_features/cfiles32/seq-pthread/cs_stateful-1.i,814,24,66,3748,13,2,25,43,5000,0,1,1,1,1,1,1,1,1,1,0,1,1,1,1,1,1,1,1
/mnt/e/OneDrive/Desktop/result/extract_features/cfiles32/seq-pthread/cs_stateful-2.i,819,25,55,3761,14,2,23,45,5000,1,1,1,1,1,1,1,1,1,1,1,1,1,1,1,1,1,1,1
/mnt/e/OneDrive/Desktop/result/extract_features/cfiles32/seq-pthread/cs_time_var_mutex.i,868,25,66,4127,14,2,40,51,5000,1,1,1,1,1,1,1,1,1,1,1,1,1,1,1,1,1,1,1
/mnt/e/OneDrive/Desktop/result/extract_features/cfiles32/systemc/mem_slave_tlm.5.cil.c,1395,9,219,3554,31,2,201,2,5000,1,1,1,1,1,1,1,1,1,1,1,1,1,1,1,1,1,1,1
/mnt/e/OneDrive/Desktop/result/extract_features/cfiles32/systemc/pc_sfifo_3.cil.c,565,21,48,1166,15,1,33,1,5000,1,1,1,1,1,1,1,1,1,1,1,1,1,1,1,1,1,1,1
/mnt/e/OneDrive/Desktop/result/extract_features/cfiles32/systemc/token_ring.02.cil-1.c,608,22,56,1124,14,1,40,1,5000,1,1,1,1,1,1,1,1,1,1,1,1,1,1,1,1,1,1,1
/mnt/e/OneDrive/Desktop/result/extract_features/cfiles32/systemc/token_ring.04.cil-2.c,870,26,93,1628,17,1,67,5,5000,0,1,0,1,0,1,1,1,1,0,1,0,0,1,1,0,1,0,0
/mnt/e/OneDrive/Desktop/result/extract_features/cfiles32/systemc/token_ring.06.cil-1.c,1120,30,125,2100,20,1,93,5,5000,1,0,1,1,0,0,0,0,0,1,0,0,1,0,0,0,1,1,0
/mnt/e/OneDrive/Desktop/result/extract_features/cfiles32/xcsp/AllInterval-005.c,94,3,2,442,8,0,4,38,5000,0,0,0,0,0,0,0,0,0,0,0,0,0,0,0,0,1,0,0
/mnt/e/OneDrive/Desktop/result/extract_features/cfiles32/xcsp/AllInterval-006.c,115,3,2,556,8,0,5,52,5000,0,0,0,0,0,0,0,0,0,0,0,0,0,0,0,0,0,1,0
/mnt/e/OneDrive/Desktop/result/extract_features/cfiles32/xcsp/AllInterval-008.c,161,3,2,820,8,0,7,86,5000,0,0,1,0,0,0,0,0,0,0,0,0,0,0,0,0,0,0,0
/mnt/e/OneDrive/Desktop/result/extract_features/cfiles32/xcsp/AllInterval-009.c,187,3,2,970,8,0,8,106,5000,0,0,0,0,0,1,0,0,0,0,0,0,0,0,0,0,0,0,0
/mnt/e/OneDrive/Desktop/result/extract_features/cfiles32/xcsp/AllInterval-010.c,215,3,2,1132,8,0,9,128,5000,0,0,0,0,0,0,1,0,0,0,0,0,0,0,0,0,0,0,0
/mnt/e/OneDrive/Desktop/result/extract_features/cfiles32/xcsp/AllInterval-011.c,246,3,2,1306,8,0,10,152,5000,0,0,0,0,0,0,1,0,0,0,0,0,0,0,0,0,0,0,0
/mnt/e/OneDrive/Desktop/result/extract_features/cfiles32/xcsp/AllInterval-012.c,278,3,2,1492,8,0,11,178,5000,0,0,0,0,0,0,0,0,0,0,0,0,0,1,0,0,0,0,0
/mnt/e/OneDrive/Desktop/result/extract_features/cfiles32/xcsp/AllInterval-014.c,349,3,2,1900,8,0,13,236,5000,0,0,0,0,1,0,0,0,0,0,0,0,0,1,0,0,0,1,0
/mnt/e/OneDrive/Desktop/result/extract_features/cfiles32/xcsp/AllInterval-015.c,387,3,2,2122,8,0,14,268,5000,1,0,0,0,0,0,0,0,0,0,0,0,0,0,0,0,0,0,0
/mnt/e/OneDrive/Desktop/result/extract_features/cfiles32/xcsp/AllInterval-016.c,427,3,2,2356,8,0,15,302,5000,0,0,0,0,0,0,0,0,0,0,0,0,1,0,0,0,0,1,0
/mnt/e/OneDrive/Desktop/result/extract_features/cfiles32/xcsp/AllInterval-017.c,469,3,2,2602,8,0,16,338,5000,0,1,0,0,0,0,1,0,0,0,1,1,0,0,0,0,0,0,0
/mnt/e/OneDrive/Desktop/result/extract_features/cfiles32/xcsp/AllInterval-018.c,513,3,2,2860,8,0,17,376,5000,0,0,0,0,0,0,0,0,0,0,0,0,0,0,0,0,0,1,0
/mnt/e/OneDrive/Desktop/result/extract_features/cfiles32/xcsp/AllInterval-019.c,560,3,2,3130,8,0,18,416,5000,0,0,0,0,0,0,0,0,0,0,0,0,0,0,0,0,1,0,0
/mnt/e/OneDrive/Desktop/result/extract_features/cfiles32/xcsp/AllInterval-020.c,608,3,2,3412,8,0,19,458,5000,0,1,0,0,0,1,0,0,0,0,0,1,1,1,0,0,0,0,1
/mnt/e/OneDrive/Desktop/result/extract_features/cfiles32/xcsp/AllInterval-030.c,1200,3,2,6892,8,0,29,988,5000,1,1,1,1,1,1,1,1,1,1,1,1,1,1,1,1,1,1,1
/mnt/e/OneDrive/Desktop/result/extract_features/cfiles32/xcsp/CostasArray-10.c,490,3,2,2696,8,0,42,311,5000,1,1,1,1,1,1,1,1,1,1,1,1,1,1,1,1,1,1,1
/mnt/e/OneDrive/Desktop/result/extract_features/cfiles32/xcsp/CostasArray-15.c,1260,3,2,7201,8,0,102,896,5000,1,1,1,1,1,1,1,1,1,1,1,1,1,1,1,1,1,1,1
/mnt/e/OneDrive/Desktop/result/extract_features/cfiles32/xcsp/CostasArray-17.c,1710,3,2,9829,8,0,133,1249,5000,1,1,1,1,1,1,1,1,1,1,1,1,1,1,1,1,1,1,1
/mnt/e/OneDrive/Desktop/result/extract_features/cfiles32/xcsp/Dubois-015.c,332,3,2,2499,13,0,360,90,5000,1,1,1,1,1,1,1,1,1,1,1,1,1,1,1,1,1,1,1
/mnt/e/OneDrive/Desktop/result/extract_features/cfiles32/xcsp/Dubois-016.c,352,3,2,2660,13,0,384,96,5000,1,1,1,1,1,1,1,1,1,1,1,1,1,1,1,1,1,1,1
/mnt/e/OneDrive/Desktop/result/extract_features/cfiles32/xcsp/Dubois-019.c,413,3,2,3143,13,0,456,114,5000,1,1,1,1,1,1,1,1,1,1,1,1,1,1,1,1,1,1,1
/mnt/e/OneDrive/Desktop/result/extract_features/cfiles32/xcsp/Dubois-020.c,434,3,2,3304,13,0,480,120,5000,1,1,1,1,1,1,1,1,1,1,1,1,1,1,1,1,1,1,1
/mnt/e/OneDrive/Desktop/result/extract_features/cfiles32/xcsp/Dubois-021.c,454,3,2,3465,13,0,504,126,5000,1,1,1,1,1,1,1,1,1,1,1,1,1,1,1,1,1,1,1
/mnt/e/OneDrive/Desktop/result/extract_features/cfiles32/xcsp/Dubois-022.c,474,3,2,3626,13,0,528,132,5000,1,1,1,1,1,1,1,1,1,1,1,1,1,1,1,1,1,1,1
/mnt/e/OneDrive/Desktop/result/extract_features/cfiles32/xcsp/Dubois-023.c,488,3,2,3787,13,0,552,138,5000,1,1,1,1,1,1,1,1,1,1,1,1,1,1,1,1,1,1,1
/mnt/e/OneDrive/Desktop/result/extract_features/cfiles32/xcsp/Dubois-024.c,508,3,2,3948,13,0,576,144,5000,1,1,1,1,1,1,1,1,1,1,1,1,1,1,1,1,1,1,1
/mnt/e/OneDrive/Desktop/result/extract_features/cfiles32/xcsp/Dubois-027.c,568,3,2,4431,13,0,648,162,5000,1,1,1,1,1,1,1,1,1,1,1,1,1,1,1,1,1,1,1
/mnt/e/OneDrive/Desktop/result/extract_features/cfiles32/xcsp/Dubois-030.c,628,3,2,4914,13,0,720,180,5000,1,1,1,1,1,1,1,1,1,1,1,1,1,1,1,1,1,1,1
/mnt/e/OneDrive/Desktop/result/extract_features/cfiles32/xcsp/Dubois-035.c,728,3,2,5719,13,0,840,210,5000,1,1,1,1,1,1,1,1,1,1,1,1,1,1,1,1,1,1,1
/mnt/e/OneDrive/Desktop/result/extract_features/cfiles32/xcsp/Dubois-040.c,828,3,2,6524,13,0,960,240,5000,1,1,1,1,1,1,1,1,1,1,1,1,1,1,1,1,1,1,1
/mnt/e/OneDrive/Desktop/result/extract_features/cfiles32/xcsp/Dubois-045.c,928,3,2,7329,13,0,1080,270,5000,1,1,1,1,1,1,1,1,1,1,1,1,1,1,1,1,1,1,1
/mnt/e/OneDrive/Desktop/result/extract_features/cfiles32/xcsp/Dubois-065.c,1328,3,2,10549,13,0,1560,390,5000,1,1,1,1,1,1,1,1,1,1,1,1,1,1,1,1,1,1,1
/mnt/e/OneDrive/Desktop/result/extract_features/cfiles32/xcsp/Dubois-085.c,1728,3,2,13769,13,0,2040,510,5000,1,1,1,1,1,1,1,1,1,1,1,1,1,1,1,1,1,1,1
/mnt/e/OneDrive/Desktop/result/extract_features/cfiles32/xcsp/Dubois-090.c,1828,3,2,14574,13,0,2160,540,5000,1,1,1,1,1,1,1,1,1,1,1,1,1,1,1,1,1,1,1
/mnt/e/OneDrive/Desktop/result/extract_features/cfiles32/xcsp/Dubois-095.c,1928,3,2,15379,13,0,2280,570,5000,1,1,1,1,1,1,1,1,1,1,1,1,1,1,1,1,1,1,1
/mnt/e/OneDrive/Desktop/result/extract_features/cfiles32/xcsp/Dubois-100.c,2028,3,2,16184,13,0,2400,600,5000,1,1,1,1,1,1,1,1,1,1,1,1,1,1,1,1,1,1,1
/mnt/e/OneDrive/Desktop/result/extract_features/cfiles32/xcsp/Haystacks-06.c,295,3,2,1748,9,0,5,187,5000,1,1,1,1,1,1,1,1,1,1,1,1,1,1,1,1,1,1,1
/mnt/e/OneDrive/Desktop/result/extract_features/cfiles32/xcsp/Haystacks-07.c,417,3,2,2545,9,0,6,281,5000,1,1,1,1,1,1,1,1,1,1,1,1,1,1,1,1,1,1,1
/mnt/e/OneDrive/Desktop/result/extract_features/cfiles32/xcsp/Haystacks-10.c,968,3,2,6568,9,0,9,731,5000,1,1,1,1,1,1,1,1,1,1,1,1,1,1,1,1,1,1,1
/mnt/e/OneDrive/Desktop/result/extract_features/cfiles32/xcsp/Haystacks-11.c,1227,3,2,8427,9,0,10,947,5000,1,1,1,1,1,1,1,1,1,1,1,1,1,1,1,1,1,1,1
/mnt/e/OneDrive/Desktop/result/extract_features/cfiles32/xcsp/Haystacks-13.c,1874,3,2,13267,9,0,12,1496,5000,1,1,1,1,1,1,1,1,1,1,1,1,1,1,1,1,1,1,1
/mnt/e/OneDrive/Desktop/result/extract_features/cfiles32/xcsp/Haystacks-14.c,2268,3,2,16182,9,0,13,1835,5000,1,1,1,1,1,1,1,1,1,1,1,1,1,1,1,1,1,1,1
/mnt/e/OneDrive/Desktop/result/extract_features/cfiles32/xcsp/Haystacks-15.c,2713,3,2,19583,9,0,14,2221,5000,1,1,1,1,1,1,1,1,1,1,1,1,1,1,1,1,1,1,1
/mnt/e/OneDrive/Desktop/result/extract_features/cfiles32/xcsp/Haystacks-16.c,3212,3,2,23464,9,0,15,2657,5000,1,1,1,1,1,1,1,1,1,1,1,1,1,1,1,1,1,1,1
/mnt/e/OneDrive/Desktop/result/extract_features/cfiles32/xcsp/Haystacks-18.c,4384,3,2,32750,9,0,17,3691,5000,1,1,1,1,1,1,1,1,1,1,1,1,1,1,1,1,1,1,1
/mnt/e/OneDrive/Desktop/result/extract_features/cfiles32/xcsp/Haystacks-19.c,5063,3,2,38113,9,0,18,4295,5000,1,1,1,1,1,1,1,1,1,1,1,1,1,1,1,1,1,1,1
/mnt/e/OneDrive/Desktop/result/extract_features/cfiles32/xcsp/aim-100-1-6-sat-1.c,590,3,2,4670,12,0,479,200,5000,1,1,1,1,1,1,1,1,1,1,1,1,1,1,1,1,1,1,1
/mnt/e/OneDrive/Desktop/result/extract_features/cfiles32/xcsp/aim-100-1-6-sat-2.c,590,3,2,4680,12,0,479,200,5000,1,1,1,1,1,1,1,1,1,1,1,1,1,1,1,1,1,1,1
/mnt/e/OneDrive/Desktop/result/extract_features/cfiles32/xcsp/aim-100-1-6-sat-3.c,590,3,2,4684,12,0,480,200,5000,1,1,1,1,1,1,1,1,1,1,1,1,1,1,1,1,1,1,1
/mnt/e/OneDrive/Desktop/result/extract_features/cfiles32/xcsp/aim-100-1-6-unsat-2.c,590,3,2,4646,12,0,478,200,5000,1,1,1,1,1,1,1,1,1,1,1,1,1,1,1,1,1,1,1
/mnt/e/OneDrive/Desktop/result/extract_features/cfiles32/xcsp/aim-100-1-6-unsat-4.c,590,3,2,4681,12,0,478,200,5000,1,1,1,1,1,1,1,1,1,1,1,1,1,1,1,1,1,1,1
/mnt/e/OneDrive/Desktop/result/extract_features/cfiles32/xcsp/aim-100-2-0-sat-2.c,630,3,2,5361,12,0,598,200,5000,1,1,1,1,1,1,1,1,1,1,1,1,1,1,1,1,1,1,1
/mnt/e/OneDrive/Desktop/result/extract_features/cfiles32/xcsp/aim-100-2-0-sat-3.c,630,3,2,5335,12,0,599,200,5000,1,1,1,1,1,1,1,1,1,1,1,1,1,1,1,1,1,1,1
/mnt/e/OneDrive/Desktop/result/extract_features/cfiles32/xcsp/aim-100-2-0-sat-4.c,629,3,2,5347,12,0,597,200,5000,1,1,1,1,1,1,1,1,1,1,1,1,1,1,1,1,1,1,1
/mnt/e/OneDrive/Desktop/result/extract_features/cfiles32/xcsp/aim-100-2-0-unsat-1.c,630,3,2,5364,12,0,600,200,5000,1,1,1,1,1,1,1,1,1,1,1,1,1,1,1,1,1,1,1
/mnt/e/OneDrive/Desktop/result/extract_features/cfiles32/xcsp/aim-100-2-0-unsat-3.c,628,3,2,5317,12,0,592,200,5000,1,1,1,1,1,1,1,1,1,1,1,1,1,1,1,1,1,1,1
/mnt/e/OneDrive/Desktop/result/extract_features/cfiles32/xcsp/aim-100-3-4-sat-1.c,770,3,2,7660,12,0,1019,200,5000,1,1,1,1,1,1,1,1,1,1,1,1,1,1,1,1,1,1,1
/mnt/e/OneDrive/Desktop/result/extract_features/cfiles32/xcsp/aim-100-3-4-sat-2.c,770,3,2,7632,12,0,1017,200,5000,1,1,1,1,1,1,1,1,1,1,1,1,1,1,1,1,1,1,1
/mnt/e/OneDrive/Desktop/result/extract_features/cfiles32/xcsp/aim-100-3-4-sat-3.c,769,3,2,7612,12,0,1017,200,5000,1,1,1,1,1,1,1,1,1,1,1,1,1,1,1,1,1,1,1
/mnt/e/OneDrive/Desktop/result/extract_features/cfiles32/xcsp/aim-100-3-4-sat-4.c,769,3,2,7633,12,0,1016,200,5000,1,1,1,1,1,1,1,1,1,1,1,1,1,1,1,1,1,1,1
/mnt/e/OneDrive/Desktop/result/extract_features/cfiles32/xcsp/aim-100-6-0-sat-1.c,1029,3,2,11955,12,0,1794,200,5000,1,1,1,1,1,1,1,1,1,1,1,1,1,1,1,1,1,1,1
/mnt/e/OneDrive/Desktop/result/extract_features/cfiles32/xcsp/aim-200-1-6-sat-2.c,1150,3,2,9300,12,0,959,400,5000,1,1,1,1,1,1,1,1,1,1,1,1,1,1,1,1,1,1,1
/mnt/e/OneDrive/Desktop/result/extract_features/cfiles32/xcsp/aim-200-1-6-sat-3.c,1149,3,2,9263,12,0,956,400,5000,1,1,1,1,1,1,1,1,1,1,1,1,1,1,1,1,1,1,1
/mnt/e/OneDrive/Desktop/result/extract_features/cfiles32/xcsp/aim-200-1-6-sat-4.c,1150,3,2,9298,12,0,956,400,5000,1,1,1,1,1,1,1,1,1,1,1,1,1,1,1,1,1,1,1
/mnt/e/OneDrive/Desktop/result/extract_features/cfiles32/xcsp/aim-200-2-0-sat-3.c,1229,3,2,10603,12,0,1196,400,5000,1,1,1,1,1,1,1,1,1,1,1,1,1,1,1,1,1,1,1
/mnt/e/OneDrive/Desktop/result/extract_features/cfiles32/xcsp/aim-200-2-0-sat-4.c,1229,3,2,10609,12,0,1195,400,5000,1,1,1,1,1,1,1,1,1,1,1,1,1,1,1,1,1,1,1
/mnt/e/OneDrive/Desktop/result/extract_features/cfiles32/xcsp/aim-200-2-0-unsat-1.c,1229,3,2,10613,12,0,1196,400,5000,1,1,1,1,1,1,1,1,1,1,1,1,1,1,1,1,1,1,1
/mnt/e/OneDrive/Desktop/result/extract_features/cfiles32/xcsp/aim-200-2-0-unsat-2.c,1229,3,2,10583,12,0,1196,400,5000,1,1,1,1,1,1,1,1,1,1,1,1,1,1,1,1,1,1,1
/mnt/e/OneDrive/Desktop/result/extract_features/cfiles32/xcsp/aim-200-2-0-unsat-3.c,1229,3,2,10604,12,0,1195,400,5000,1,1,1,1,1,1,1,1,1,1,1,1,1,1,1,1,1,1,1
/mnt/e/OneDrive/Desktop/result/extract_features/cfiles32/xcsp/aim-200-3-4-sat-1.c,1509,3,2,15254,12,0,2035,400,5000,1,1,1,1,1,1,1,1,1,1,1,1,1,1,1,1,1,1,1
/mnt/e/OneDrive/Desktop/result/extract_features/cfiles32/xcsp/aim-200-3-4-sat-2.c,1509,3,2,15212,12,0,2037,400,5000,1,1,1,1,1,1,1,1,1,1,1,1,1,1,1,1,1,1,1
/mnt/e/OneDrive/Desktop/result/extract_features/cfiles32/xcsp/aim-200-3-4-sat-3.c,1509,3,2,15229,12,0,2035,400,5000,1,1,1,1,1,1,1,1,1,1,1,1,1,1,1,1,1,1,1
/mnt/e/OneDrive/Desktop/result/extract_features/cfiles32/xcsp/aim-200-3-4-sat-4.c,1507,3,2,15215,12,0,2029,400,5000,1,1,1,1,1,1,1,1,1,1,1,1,1,1,1,1,1,1,1
/mnt/e/OneDrive/Desktop/result/extract_features/cfiles32/xcsp/aim-200-6-0-sat-1.c,2005,3,2,23712,12,0,3517,400,5000,1,1,1,1,1,1,1,1,1,1,1,1,1,1,1,1,1,1,1
