program_name,configuration,line_coverage,line_covered,total_lines,function_coverage,function_covered,total_functions,branch_coverage,time_difference,num_queue_files,num_crash_files
/home/administrator/Desktop/exp500_new/cfiles32/float-newlib/double_req_bl_0660b.c,c6,19.0,24,126,40.0,2,5,12.68%,-1.0,2,-1
/home/administrator/Desktop/exp500_new/cfiles32/float-newlib/double_req_bl_0876.c,c6,10.7,37,347,44.4,4,9,8.2%,-1.0,2,-1
/home/administrator/Desktop/exp500_new/cfiles32/float-newlib/float_req_bl_0660a.c,c6,17.6,21,119,40.0,2,5,12.86%,-1.0,2,-1
/home/administrator/Desktop/exp500_new/cfiles32/float-newlib/float_req_bl_0661b.c,c6,17.6,21,119,40.0,2,5,1.43%,-1.0,2,-1
/home/administrator/Desktop/exp500_new/cfiles32/floats-esbmc-regression/digits_for.c,c6,90.0,9,10,66.7,2,3,75.0%,-1.0,1,-1
/home/administrator/Desktop/exp500_new/cfiles32/floats-esbmc-regression/Double_div.i.p+cfa-reducer.c,c6,80.0,12,15,50.0,1,2,75.0%,-1.0,1,-1
/home/administrator/Desktop/exp500_new/cfiles32/ldv-regression/test10.c,c6,87.5,21,24,66.7,2,3,50.0%,-1.0,1,-1
/home/administrator/Desktop/exp500_new/cfiles32/ldv-regression/test22-2.c,c6,87.5,21,24,80.0,4,5,75.0%,0.2319998741149902,6,2
/home/administrator/Desktop/exp500_new/cfiles32/ldv-regression/test_union.c_1.i,c6,50.0,3,6,33.3,1,3,50.0%,-1.0,1,-1
/home/administrator/Desktop/exp500_new/cfiles32/loop-acceleration/array_1-2.c,c6,77.8,7,9,66.7,2,3,75.0%,-1.0,1,-1
/home/administrator/Desktop/exp500_new/cfiles32/loop-acceleration/simple_1-2_abstracted.c,c6,84.6,11,13,66.7,2,3,50.0%,-1.0,1,-1
/home/administrator/Desktop/exp500_new/cfiles32/loop-crafted/simple_array_index_value_1-1.i,c6,83.3,10,12,66.7,2,3,77.78%,-1.0,1,-1
/home/administrator/Desktop/exp500_new/cfiles32/loop-crafted/simple_array_index_value_1-2.i,c6,58.8,10,17,50.0,2,4,44.44%,-1.0,1,-1
/home/administrator/Desktop/exp500_new/cfiles32/loop-crafted/simple_array_index_value_3.i,c6,70.6,12,17,50.0,2,4,55.56%,-1.0,1,-1
/home/administrator/Desktop/exp500_new/cfiles32/loop-crafted/simple_array_index_value_4.i.v+nlh-reducer.c,c6,0.0,0,0,0.0,0,0,3.12%,611.9279947280884,13,1
/home/administrator/Desktop/exp500_new/cfiles32/loop-floats-scientific-comp/loop2-2.c,c6,96.0,24,25,75.0,3,4,80.0%,-1.0,10,-1
/home/administrator/Desktop/exp500_new/cfiles32/loop-industry-pattern/aiob_4.c.v+lh-reducer.c,c6,18.2,6,33,50.0,1,2,9.09%,-1.0,1,-1
/home/administrator/Desktop/exp500_new/cfiles32/loop-industry-pattern/ofuf_3.c,c6,4.1,6,147,8.3,1,12,1.39%,-1.0,1,-1
/home/administrator/Desktop/exp500_new/cfiles32/loop-invariants/linear-inequality-inv-a.c,c6,73.7,14,19,50.0,1,2,75.0%,-1.0,9,-1
/home/administrator/Desktop/exp500_new/cfiles32/loop-invgen/fragtest_simple.i,c6,83.3,25,30,50.0,2,4,73.33%,-1.0,15,-1
/home/administrator/Desktop/exp500_new/cfiles32/loop-invgen/nest-if3.i,c6,73.7,14,19,50.0,2,4,64.71%,-1.0,22,-1
/home/administrator/Desktop/exp500_new/cfiles32/loop-lit/hhk2008.i,c6,75.0,15,20,50.0,2,4,63.64%,-1.0,4,-1
/home/administrator/Desktop/exp500_new/cfiles32/loop-lit/mine2017-ex4.10.i,c6,90.9,10,11,66.7,2,3,60.0%,-1.0,1,-1
/home/administrator/Desktop/exp500_new/cfiles32/loop-lit/mine2017-ex4.7.i,c6,33.3,4,12,33.3,1,3,11.11%,-1.0,1,-1
/home/administrator/Desktop/exp500_new/cfiles32/loop-new/count_by_1.i,c6,58.3,7,12,50.0,2,4,42.86%,-1.0,1,-1
/home/administrator/Desktop/exp500_new/cfiles32/loop-new/count_by_2.i,c6,58.3,7,12,50.0,2,4,42.86%,-1.0,1,-1
/home/administrator/Desktop/exp500_new/cfiles32/loop-new/half.i,c6,72.2,13,18,50.0,2,4,63.64%,-1.0,12,-1
/home/administrator/Desktop/exp500_new/cfiles32/loop-new/nested-1.i,c6,26.3,5,19,25.0,1,4,7.69%,-1.0,1,-1
/home/administrator/Desktop/exp500_new/cfiles32/loop-simple/nested_2.c,c6,77.8,7,9,50.0,1,2,83.33%,-1.0,1,-1
/home/administrator/Desktop/exp500_new/cfiles32/loop-simple/nested_3.c,c6,81.8,9,11,50.0,1,2,87.5%,-1.0,1,-1
/home/administrator/Desktop/exp500_new/cfiles32/loop-simple/nested_5.c,c6,86.7,13,15,50.0,1,2,91.67%,-1.0,1,-1
/home/administrator/Desktop/exp500_new/cfiles32/loops-crafted-1/in-de61.c,c6,93.1,27,29,66.7,2,3,0%,-1.0,1,-1
/home/administrator/Desktop/exp500_new/cfiles32/loops-crafted-1/sumt2.c,c6,77.3,17,22,50.0,2,4,70.0%,-1.0,10,-1
/home/administrator/Desktop/exp500_new/cfiles32/loops-crafted-1/watermelon.c,c6,17.2,5,29,20.0,1,5,6.25%,-1.0,1,-1
/home/administrator/Desktop/exp500_new/cfiles32/nla-digbench/cohendiv-ll.c,c6,91.4,32,35,75.0,3,4,91.67%,-1.0,13,-1
/home/administrator/Desktop/exp500_new/cfiles32/nla-digbench/cohendiv.c,c6,91.4,32,35,75.0,3,4,91.67%,-1.0,11,-1
/home/administrator/Desktop/exp500_new/cfiles32/nla-digbench/geo3.c,c6,75.0,18,24,50.0,2,4,0%,-1.0,1,-1
/home/administrator/Desktop/exp500_new/cfiles32/nla-digbench/lcm2.c,c6,90.0,27,30,75.0,3,4,90.0%,-1.0,20,-1
/home/administrator/Desktop/exp500_new/cfiles32/nla-digbench-scaling/cohendiv-ll_valuebound20.c,c6,91.9,34,37,75.0,3,4,91.67%,-1.0,10,-1
/home/administrator/Desktop/exp500_new/cfiles32/nla-digbench-scaling/geo2-ll_valuebound2.c,c6,88.0,22,25,75.0,3,4,87.5%,-1.0,4,-1
/home/administrator/Desktop/exp500_new/cfiles32/ntdrivers/diskperf.i.cil-1.c,c6,45.2,527,1165,26.8,26,97,31.89%,-1.0,35,-1
/home/administrator/Desktop/exp500_new/cfiles32/ntdrivers-simplified/cdaudio_simpl1.cil-2.c,c6,82.9,882,1064,86.2,25,29,61.2%,-1.0,65,-1
/home/administrator/Desktop/exp500_new/cfiles32/ntdrivers-simplified/floppy_simpl3.cil-1.c,c6,89.8,477,531,84.0,21,25,76.8%,13.088000297546388,28,4
/home/administrator/Desktop/exp500_new/cfiles32/ntdrivers-simplified/floppy_simpl3.cil-2.c,c6,89.0,478,537,80.8,21,26,76.24%,-1.0,27,-1
/home/administrator/Desktop/exp500_new/cfiles32/ntdrivers-simplified/kbfiltr_simpl2.cil-1.c,c6,79.2,385,486,88.2,15,17,53.0%,-1.0,23,-1
/home/administrator/Desktop/exp500_new/cfiles32/openssl/s3_srvr.blast.06.i.cil-1.c,c6,73.4,315,429,33.3,2,6,73.82%,0.5160000324249268,44,14
/home/administrator/Desktop/exp500_new/cfiles32/openssl/s3_srvr.blast.07.i.cil-1.c,c6,74.9,304,406,33.3,2,6,74.41%,-1.0,47,-1
/home/administrator/Desktop/exp500_new/cfiles32/openssl/s3_srvr.blast.09.i.cil-1.c,c6,74.9,304,406,33.3,2,6,74.41%,-1.0,52,-1
/home/administrator/Desktop/exp500_new/cfiles32/openssl/s3_srvr.blast.15.i.cil-2.c,c6,72.5,300,414,33.3,2,6,68.95%,-1.0,84,-1
/home/administrator/Desktop/exp500_new/cfiles32/openssl-simplified/s3_clnt_2.cil-1.c,c6,87.6,303,346,66.7,2,3,76.57%,12.124000310897827,33,5
/home/administrator/Desktop/exp500_new/cfiles32/openssl-simplified/s3_clnt_3.cil-3.c,c6,87.3,310,355,66.7,2,3,76.57%,-1.0,34,-1
/home/administrator/Desktop/exp500_new/cfiles32/openssl-simplified/s3_srvr_8.cil.c,c6,73.5,291,396,66.7,2,3,64.59%,-1.0,48,-1
/home/administrator/Desktop/exp500_new/cfiles32/recursive/Fibonacci01-1.c,c6,86.7,13,15,66.7,2,3,85.71%,-1.0,14,-1
/home/administrator/Desktop/exp500_new/cfiles32/recursive/Primes.c,c6,53.2,25,47,66.7,4,6,40.62%,-1.0,12,-1
/home/administrator/Desktop/exp500_new/cfiles32/recursive-simple/fibo_2calls_8-1.c,c6,89.5,17,19,75.0,3,4,87.5%,-1.0,1,-1
/home/administrator/Desktop/exp500_new/cfiles32/recursive-simple/id_o1000.c,c6,0.0,0,0,0.0,0,0,75.0%,0.436000108718872,1,1
/home/administrator/Desktop/exp500_new/cfiles32/recursive-with-pointer/simple-recursive.c,c6,87.5,14,16,75.0,3,4,66.67%,-1.0,1,-1
/home/administrator/Desktop/exp500_new/cfiles32/reducercommutativity/max05-2.i,c6,88.9,16,18,66.7,2,3,66.67%,-1.0,1,-1
/home/administrator/Desktop/exp500_new/cfiles32/reducercommutativity/max60-1.i,c6,88.9,16,18,66.7,2,3,77.78%,-1.0,1,-1
/home/administrator/Desktop/exp500_new/cfiles32/reducercommutativity/sep60-1.i,c6,90.0,18,20,66.7,2,3,77.78%,-1.0,1,-1
/home/administrator/Desktop/exp500_new/cfiles32/seq-mthreaded/pals_floodmax.5.3.ufo.BOUNDED-10.pals.c,c6,0.0,0,0,0.0,0,0,8.14%,-1.0,135,-1
/home/administrator/Desktop/exp500_new/cfiles32/seq-mthreaded/pals_lcr-var-start-time.3.1.ufo.BOUNDED-6.pals.c,c6,0.0,0,0,0.0,0,0,8.6%,50.50400114059448,23,4
/home/administrator/Desktop/exp500_new/cfiles32/seq-mthreaded/pals_lcr-var-start-time.4.1.ufo.UNBOUNDED.pals.c,c6,0.0,0,0,0.0,0,0,6.45%,-1.0,14,-1
/home/administrator/Desktop/exp500_new/cfiles32/array-cav19/array_init_both_ends_multiple_sum.c,c6,77.8,14,18,50.0,2,4,70.0%,-1.0,1,-1
/home/administrator/Desktop/exp500_new/cfiles32/array-cav19/array_init_pair_symmetr.c,c6,0.0,0,0,0.0,0,0,30.0%,681.6120171546936,9,1
/home/administrator/Desktop/exp500_new/cfiles32/array-cav19/array_min_and_copy_shift_sum_add.c,c6,91.7,22,24,75.0,3,4,91.67%,-1.0,12,-1
/home/administrator/Desktop/exp500_new/cfiles32/array-crafted/bAnd4.i,c6,0.0,0,0,0.0,0,0,11.11%,624.9320156574249,1,1
/home/administrator/Desktop/exp500_new/cfiles32/array-crafted/zero_sum_const2.c,c6,81.8,18,22,50.0,2,4,81.25%,-1.0,13,-1
/home/administrator/Desktop/exp500_new/cfiles32/array-crafted/zero_sum_const5.c,c6,88.2,30,34,50.0,2,4,89.29%,-1.0,12,-1
/home/administrator/Desktop/exp500_new/cfiles32/array-examples/standard_copy8_ground-1.i,c6,0.0,0,0,0.0,0,0,4.35%,612.824015378952,1,1
/home/administrator/Desktop/exp500_new/cfiles32/array-examples/standard_init1_ground-2.i,c6,90.0,9,10,66.7,2,3,71.43%,-1.0,1,-1
/home/administrator/Desktop/exp500_new/cfiles32/array-examples/standard_partial_init_ground.i,c6,0.0,0,0,0.0,0,0,7.69%,-1.0,20,-1
/home/administrator/Desktop/exp500_new/cfiles32/array-fpi/res1o.c,c6,95.5,21,22,75.0,3,4,92.86%,-1.0,17,-1
/home/administrator/Desktop/exp500_new/cfiles32/array-fpi/s2lif.c,c6,90.5,19,21,75.0,3,4,85.71%,-1.0,21,-1
/home/administrator/Desktop/exp500_new/cfiles32/array-fpi/s52if.c,c6,87.0,20,23,75.0,3,4,81.25%,-1.0,19,-1
/home/administrator/Desktop/exp500_new/cfiles32/array-fpi/s5if.c,c6,89.5,17,19,75.0,3,4,83.33%,-1.0,18,-1
/home/administrator/Desktop/exp500_new/cfiles32/array-industry-pattern/array_of_struct_ptr_flag_init.i,c6,81.2,13,16,50.0,2,4,61.54%,-1.0,1,-1
/home/administrator/Desktop/exp500_new/cfiles32/array-industry-pattern/array_of_struct_ptr_monotonic.i,c6,0.0,0,0,0.0,0,0,27.27%,626.2000157833099,22,2
/home/administrator/Desktop/exp500_new/cfiles32/array-industry-pattern/array_ptr_single_elem_init-1.i,c6,0.0,0,0,0.0,0,0,40.0%,611.5440154075623,24,2
/home/administrator/Desktop/exp500_new/cfiles32/array-lopstr16/break-2.i,c6,90.9,10,11,66.7,2,3,81.82%,-1.0,1,-1
/home/administrator/Desktop/exp500_new/cfiles32/array-lopstr16/scalar_loopdep.i,c6,90.9,10,11,66.7,2,3,71.43%,-1.0,1,-1
/home/administrator/Desktop/exp500_new/cfiles32/array-patterns/array1_pattern.c,c6,96.2,25,26,75.0,3,4,91.67%,-1.0,20,-1
/home/administrator/Desktop/exp500_new/cfiles32/array-patterns/array9_pattern.c,c6,96.3,26,27,75.0,3,4,92.86%,-1.0,27,-1
/home/administrator/Desktop/exp500_new/cfiles32/array-programs/copysome2-1.i,c6,0.0,0,0,0.0,0,0,6.67%,697.1520175933838,1,1
/home/administrator/Desktop/exp500_new/cfiles32/array-programs/partial_mod_count_4.c,c6,92.3,12,13,66.7,2,3,90.0%,-1.0,1,-1
/home/administrator/Desktop/exp500_new/cfiles32/array-programs/partial_mod_count_limited_3.c,c6,94.7,18,19,75.0,3,4,92.86%,-1.0,13,-1
/home/administrator/Desktop/exp500_new/cfiles32/array-programs/partial_mod_count_limited_5.c,c6,94.7,18,19,75.0,3,4,92.86%,-1.0,11,-1
/home/administrator/Desktop/exp500_new/cfiles32/array-tiling/mlceu.c,c6,88.2,15,17,75.0,3,4,83.33%,-1.0,15,-1
/home/administrator/Desktop/exp500_new/cfiles32/array-tiling/pnr4.c,c6,97.2,35,36,80.0,4,5,90.0%,606.8960154056549,27,3
/home/administrator/Desktop/exp500_new/cfiles32/bitvector/gcd_1.c,c6,90.0,18,20,75.0,3,4,10.0%,-1.0,3,-1
/home/administrator/Desktop/exp500_new/cfiles32/bitvector/s3_srvr_3.BV.c.cil.c,c6,85.4,305,357,66.7,2,3,80.98%,-1.0,61,-1
/home/administrator/Desktop/exp500_new/cfiles32/bitvector/soft_float_4-1.c.cil.c,c6,63.8,81,127,66.7,4,6,59.09%,-1.0,29,-1
/home/administrator/Desktop/exp500_new/cfiles32/bitvector-regression/implicitunsignedconversion-2.c,c6,62.5,5,8,50.0,1,2,50.0%,-1.0,1,-1
/home/administrator/Desktop/exp500_new/cfiles32/combinations/Problem05_label43+token_ring.13.cil-1.c,c6,59.0,6729,11409,96.3,52,54,52.56%,22.968000650405884,1558,1
/home/administrator/Desktop/exp500_new/cfiles32/combinations/Problem05_label49+token_ring.13.cil-1.c,c6,57.7,6584,11409,96.3,52,54,51.27%,8.164000034332275,1478,1
/home/administrator/Desktop/exp500_new/cfiles32/eca-programs/Problem101_label00.c,c6,64.5,47376,73415,97.9,47,48,60.14%,-1.0,5632,-1
/home/administrator/Desktop/exp500_new/cfiles32/xcsp/AllInterval-005.c,c6,0.0,0,0,0.0,0,0,60.0%,-1.0,37,-1
/home/administrator/Desktop/exp500_new/cfiles32/xcsp/AllInterval-006.c,c6,0.0,0,0,0.0,0,0,50.0%,-1.0,50,-1
/home/administrator/Desktop/exp500_new/cfiles32/xcsp/AllInterval-008.c,c6,0.0,0,0,0.0,0,0,50.0%,-1.0,83,-1
/home/administrator/Desktop/exp500_new/cfiles32/xcsp/AllInterval-011.c,c6,0.0,0,0,0.0,0,0,13.64%,-1.0,143,-1
/home/administrator/Desktop/exp500_new/cfiles32/eca-rers2012/Problem01_label00.c,c6,82.9,406,490,66.7,2,3,56.77%,-1.0,315,-1
/home/administrator/Desktop/exp500_new/cfiles32/psyco/psyco_abp_1-1.c,c6,71.0,196,276,50.0,1,2,67.5%,-1.0,182,-1
/home/administrator/Desktop/exp500_new/cfiles32/xcsp/aim-100-3-4-sat-4.c,c6,0.0,0,0,0.0,0,0,100.0%,-1.0,353,-1
/home/administrator/Desktop/exp500_new/cfiles32/xcsp/CostasArray-10.c,c6,0.0,0,0,0.0,0,0,100.0%,-1.0,191,-1
/home/administrator/Desktop/exp500_new/cfiles32/xcsp/CostasArray-15.c,c6,0.0,0,0,0.0,0,0,100.0%,-1.0,423,-1
/home/administrator/Desktop/exp500_new/cfiles32/xcsp/Dubois-015.c,c6,0.0,0,0,0.0,0,0,100.0%,-1.0,110,-1
/home/administrator/Desktop/exp500_new/cfiles32/xcsp/Dubois-090.c,c6,0.0,0,0,0.0,0,0,100.0%,67.9639995098114,550,1
/home/administrator/Desktop/exp500_new/cfiles32/xcsp/Haystacks-06.c,c6,0.0,0,0,0.0,0,0,100.0%,-1.0,141,-1
/home/administrator/Desktop/exp500_new/cfiles32/xcsp/Haystacks-10.c,c6,0.0,0,0,0.0,0,0,100.0%,-1.0,229,-1
/home/administrator/Desktop/exp500_new/cfiles32/xcsp/Haystacks-13.c,c6,0.0,0,0,0.0,0,0,100.0%,47.65199971199036,350,1
/home/administrator/Desktop/exp500_new/cfiles32/product-lines/email_spec8_product32.cil.c,c6,46.8,579,1236,68.4,80,117,35.12%,0.184000015258789,34,11
/home/administrator/Desktop/exp500_new/cfiles32/product-lines/elevator_spec1_product01.cil.c,c6,33.3,482,1449,55.7,39,70,33.64%,-1.0,1,-1
/home/administrator/Desktop/exp500_new/cfiles32/product-lines/email_spec8_productSimulator.cil.c,c6,56.1,780,1391,79.1,106,134,42.1%,1.051999807357788,81,25
/home/administrator/Desktop/exp500_new/cfiles32/xcsp/Haystacks-16.c,c6,0.0,0,0,0.0,0,0,100.0%,73.24799919128418,545,1
/home/administrator/Desktop/exp500_new/cfiles32/xcsp/Haystacks-17.c,c6,0.0,0,0,0.0,0,0,100.0%,84.65599942207336,611,1
/home/administrator/Desktop/exp500_new/cfiles32/xcsp/Haystacks-18.c,c6,0.0,0,0,0.0,0,0,100.0%,59.17199945449829,666,1
/home/administrator/Desktop/exp500_new/cfiles32/xcsp/Haystacks-19.c,c6,0.0,0,0,0.0,0,0,100.0%,33.75999975204468,764,1
/home/administrator/Desktop/exp500_new/cfiles32/array-cav19/array_doub_access_init_const.c,c6,73.3,11,15,50.0,2,4,62.5%,-1.0,1,-1
/home/administrator/Desktop/exp500_new/cfiles32/array-cav19/array_init_var_plus_ind.c,c6,76.5,13,17,50.0,2,4,70.0%,0.1879999637603759,14,1
/home/administrator/Desktop/exp500_new/cfiles32/array-cav19/array_init_var_plus_ind2.c,c6,78.9,15,19,50.0,2,4,70.0%,0.1359999179840088,13,1
/home/administrator/Desktop/exp500_new/cfiles32/array-crafted/bor1.i,c6,90.0,18,20,66.7,2,3,77.78%,-1.0,1,-1
/home/administrator/Desktop/exp500_new/cfiles32/array-crafted/xor3.i,c6,0.0,0,0,0.0,0,0,11.11%,604.9759948253632,1,1
/home/administrator/Desktop/exp500_new/cfiles32/array-crafted/zero_sum2.c,c6,82.6,19,23,50.0,2,4,81.25%,600.4439947605133,16,1
/home/administrator/Desktop/exp500_new/cfiles32/array-crafted/zero_sum_m5.c,c6,88.6,31,35,50.0,2,4,89.29%,824.6239929199219,17,1
/home/administrator/Desktop/exp500_new/cfiles32/array-examples/data_structures_set_multi_proc_ground-2.i,c6,0.0,0,0,0.0,0,0,4.35%,-1.0,24,-1
/home/administrator/Desktop/exp500_new/cfiles32/array-examples/data_structures_set_multi_proc_trivial_ground.i,c6,0.0,0,0,0.0,0,0,3.7%,642.435994386673,1,1
/home/administrator/Desktop/exp500_new/cfiles32/array-examples/sanfoundry_02_ground.i,c6,0.0,0,0,0.0,0,0,6.25%,-1.0,26,-1
/home/administrator/Desktop/exp500_new/cfiles32/array-examples/sanfoundry_10_ground.c,c6,0.0,0,0,0.0,0,0,6.25%,-1.0,15,-1
/home/administrator/Desktop/exp500_new/cfiles32/array-examples/standard_copy4_ground-1.i,c6,0.0,0,0,0.0,0,0,6.67%,627.8599944114685,1,1
/home/administrator/Desktop/exp500_new/cfiles32/array-examples/standard_copyInitSum_ground.i,c6,93.3,14,15,66.7,2,3,81.82%,-1.0,1,-1
/home/administrator/Desktop/exp500_new/cfiles32/array-examples/standard_two_index_09.i,c6,0.0,0,0,0.0,0,0,11.11%,689.0479938983917,1,1
/home/administrator/Desktop/exp500_new/cfiles32/array-examples/standard_vararg_ground.i,c6,0.0,0,0,0.0,0,0,11.11%,612.3679947853088,11,1
/home/administrator/Desktop/exp500_new/cfiles32/array-examples/standard_vector_difference_ground.i,c6,0.0,0,0,0.0,0,0,11.11%,601.5879948139191,1,1
/home/administrator/Desktop/exp500_new/cfiles32/array-fpi/brs1.c,c6,94.4,17,18,75.0,3,4,92.31%,-1.0,18,-1
/home/administrator/Desktop/exp500_new/cfiles32/array-fpi/brs1f.c,c6,16.7,3,18,25.0,1,4,92.31%,0.9160001277923584,2,6
/home/administrator/Desktop/exp500_new/cfiles32/array-fpi/brs3.c,c6,95.0,19,20,75.0,3,4,92.86%,-1.0,28,-1
/home/administrator/Desktop/exp500_new/cfiles32/array-fpi/condm.c,c6,94.7,18,19,75.0,3,4,92.86%,-1.0,27,-1
/home/administrator/Desktop/exp500_new/cfiles32/array-fpi/condmf.c,c6,15.8,3,19,25.0,1,4,85.71%,0.7760000228881836,2,5
/home/administrator/Desktop/exp500_new/cfiles32/array-fpi/eqn1.c,c6,95.0,19,20,75.0,3,4,91.67%,0.3319997787475586,17,1
/home/administrator/Desktop/exp500_new/cfiles32/array-fpi/eqn2.c,c6,95.0,19,20,75.0,3,4,91.67%,0.3799998760223388,18,1
/home/administrator/Desktop/exp500_new/cfiles32/array-fpi/eqn3.c,c6,95.0,19,20,75.0,3,4,91.67%,0.3559999465942383,19,1
/home/administrator/Desktop/exp500_new/cfiles32/array-industry-pattern/array_of_struct_ptr_mul_init.i,c6,0.0,0,0,0.0,0,0,45.45%,608.3079948425293,30,2
/home/administrator/Desktop/exp500_new/cfiles32/array-industry-pattern/array_of_struct_single_elem_init.i,c6,0.0,0,0,0.0,0,0,27.27%,610.1959948539734,22,2
/home/administrator/Desktop/exp500_new/cfiles32/array-industry-pattern/array_single_elem_init.i,c6,0.0,0,0,0.0,0,0,46.67%,612.1999945640564,14,1
/home/administrator/Desktop/exp500_new/cfiles32/array-lopstr16/break-1.i,c6,91.7,11,12,66.7,2,3,81.82%,-1.0,2,-1
/home/administrator/Desktop/exp500_new/cfiles32/array-lopstr16/flag_loopdep.i,c6,81.2,13,16,50.0,2,4,61.54%,-1.0,1,-1
/home/administrator/Desktop/exp500_new/cfiles32/array-lopstr16/flag_loopdep_simple.i,c6,0.0,0,0,0.0,0,0,7.69%,-1.0,61,-1
/home/administrator/Desktop/exp500_new/cfiles32/array-lopstr16/single_elem_safe.i,c6,0.0,0,0,0.0,0,0,40.0%,-1.0,25,-1
/home/administrator/Desktop/exp500_new/cfiles32/array-patterns/array8_pattern.c,c6,96.3,26,27,75.0,3,4,92.86%,-1.0,28,-1
/home/administrator/Desktop/exp500_new/cfiles32/array-programs/copysome1-1.i,c6,0.0,0,0,0.0,0,0,7.69%,639.6839942932129,1,1
/home/administrator/Desktop/exp500_new/cfiles32/array-programs/partial_mod_count_1.c,c6,92.3,12,13,66.7,2,3,90.0%,-1.0,1,-1
/home/administrator/Desktop/exp500_new/cfiles32/array-programs/partial_mod_count_2.c,c6,92.3,12,13,66.7,2,3,90.0%,-1.0,1,-1
/home/administrator/Desktop/exp500_new/cfiles32/array-programs/partial_mod_count_3.c,c6,92.3,12,13,66.7,2,3,90.0%,-1.0,1,-1
/home/administrator/Desktop/exp500_new/cfiles32/array-programs/partial_mod_count_5.c,c6,92.3,12,13,66.7,2,3,90.0%,-1.0,1,-1
/home/administrator/Desktop/exp500_new/cfiles32/array-programs/partial_mod_count_limited_1.c,c6,94.7,18,19,75.0,3,4,92.86%,-1.0,18,-1
/home/administrator/Desktop/exp500_new/cfiles32/array-tiling/revcpyswp2.c,c6,86.2,25,29,50.0,2,4,81.25%,623.2919945716858,12,1
/home/administrator/Desktop/exp500_new/cfiles32/array-tiling/rew.c,c6,78.9,15,19,50.0,2,4,75.0%,-1.0,14,-1
/home/administrator/Desktop/exp500_new/cfiles32/array-tiling/rewnif.c,c6,75.0,12,16,50.0,2,4,75.0%,-1.0,18,-1
/home/administrator/Desktop/exp500_new/cfiles32/array-tiling/rewnifrev.c,c6,75.0,12,16,50.0,2,4,75.0%,-1.0,14,-1
/home/administrator/Desktop/exp500_new/cfiles32/array-tiling/rewnifrev2.c,c6,73.3,11,15,50.0,2,4,70.0%,-1.0,16,-1
/home/administrator/Desktop/exp500_new/cfiles32/array-tiling/rewrev.c,c6,78.9,15,19,50.0,2,4,75.0%,-1.0,11,-1
/home/administrator/Desktop/exp500_new/cfiles32/array-tiling/skipped.c,c6,95.2,20,21,75.0,3,4,88.89%,620.6439945697784,28,1
/home/administrator/Desktop/exp500_new/cfiles32/array-tiling/skippedu.c,c6,95.2,20,21,75.0,3,4,94.44%,3.5999999046325684,28,5
/home/administrator/Desktop/exp500_new/cfiles32/array-tiling/tcpy.c,c6,95.0,19,20,75.0,3,4,85.71%,623.1839945316315,18,1
/home/administrator/Desktop/exp500_new/cfiles32/eca-rers2012/Problem01_label57.c,c6,82.7,405,490,66.7,2,3,56.77%,30.480000734329224,310,10
/home/administrator/Desktop/exp500_new/cfiles32/eca-rers2012/Problem01_label58.c,c6,82.9,406,490,66.7,2,3,56.77%,-1.0,270,-1
/home/administrator/Desktop/exp500_new/cfiles32/eca-rers2012/Problem01_label59.c,c6,82.9,406,490,66.7,2,3,56.77%,-1.0,325,-1
/home/administrator/Desktop/exp500_new/cfiles32/eca-rers2012/Problem02_label21.c,c6,46.6,230,494,66.7,2,3,30.32%,-1.0,185,-1
/home/administrator/Desktop/exp500_new/cfiles32/eca-rers2012/Problem02_label22.c,c6,46.6,230,494,66.7,2,3,30.32%,-1.0,208,-1
/home/administrator/Desktop/exp500_new/cfiles32/eca-rers2012/Problem02_label23.c,c6,46.6,230,494,66.7,2,3,30.32%,-1.0,182,-1
/home/administrator/Desktop/exp500_new/cfiles32/eca-rers2012/Problem02_label44.c,c6,46.2,228,494,66.7,2,3,30.32%,0.4279999732971191,189,7
/home/administrator/Desktop/exp500_new/cfiles32/eca-rers2012/Problem02_label45.c,c6,46.4,229,494,66.7,2,3,30.32%,19.440000534057617,186,4
/home/administrator/Desktop/exp500_new/cfiles32/eca-rers2012/Problem02_label46.c,c6,46.6,230,494,66.7,2,3,30.32%,-1.0,204,-1
/home/administrator/Desktop/exp500_new/cfiles32/eca-rers2012/Problem02_label47.c,c6,46.6,230,494,66.7,2,3,30.32%,-1.0,202,-1
/home/administrator/Desktop/exp500_new/cfiles32/eca-rers2012/Problem03_label05.c,c6,54.6,824,1509,66.7,2,3,46.96%,-1.0,319,-1
/home/administrator/Desktop/exp500_new/cfiles32/eca-rers2012/Problem03_label06.c,c6,54.6,824,1509,66.7,2,3,46.96%,-1.0,311,-1
/home/administrator/Desktop/exp500_new/cfiles32/eca-rers2012/Problem10_label50.c,c6,88.8,382,430,66.7,2,3,77.11%,27.428000688552856,425,3
/home/administrator/Desktop/exp500_new/cfiles32/eca-rers2012/Problem10_label51.c,c6,89.1,383,430,66.7,2,3,77.11%,-1.0,459,-1
/home/administrator/Desktop/exp500_new/cfiles32/eca-rers2012/Problem11_label25.c,c6,61.9,486,785,66.7,2,3,56.83%,-1.0,319,-1
/home/administrator/Desktop/exp500_new/cfiles32/eca-rers2012/Problem11_label26.c,c6,61.9,486,785,66.7,2,3,56.83%,-1.0,334,-1
/home/administrator/Desktop/exp500_new/cfiles32/eca-rers2012/Problem11_label27.c,c6,61.9,486,785,66.7,2,3,56.83%,-1.0,320,-1
/home/administrator/Desktop/exp500_new/cfiles32/eca-rers2012/Problem11_label35.c,c6,61.9,486,785,66.7,2,3,56.83%,-1.0,301,-1
/home/administrator/Desktop/exp500_new/cfiles32/eca-rers2012/Problem14_label53.c,c6,94.3,615,652,66.7,2,3,85.0%,-1.0,143,-1
/home/administrator/Desktop/exp500_new/cfiles32/eca-rers2012/Problem14_label54.c,c6,94.2,614,652,66.7,2,3,85.0%,194.11600470542908,147,8
/home/administrator/Desktop/exp500_new/cfiles32/xcsp/aim-100-2-0-sat-2.c,c6,0.0,0,0,0.0,0,0,100.0%,-1.0,336,-1
/home/administrator/Desktop/exp500_new/cfiles32/xcsp/aim-100-2-0-unsat-1.c,c6,0.0,0,0,0.0,0,0,100.0%,-1.0,342,-1
/home/administrator/Desktop/exp500_new/cfiles32/xcsp/aim-100-2-0-unsat-3.c,c6,0.0,0,0,0.0,0,0,100.0%,-1.0,273,-1
/home/administrator/Desktop/exp500_new/cfiles32/xcsp/aim-200-1-6-sat-3.c,c6,0.0,0,0,0.0,0,0,100.0%,158.24400401115415,522,1
/home/administrator/Desktop/exp500_new/cfiles32/xcsp/AllInterval-009.c,c6,0.0,0,0,0.0,0,0,16.67%,-1.0,99,-1
/home/administrator/Desktop/exp500_new/cfiles32/xcsp/AllInterval-010.c,c6,0.0,0,0,0.0,0,0,25.0%,-1.0,121,-1
/home/administrator/Desktop/exp500_new/cfiles32/xcsp/AllInterval-012.c,c6,0.0,0,0,0.0,0,0,12.5%,-1.0,168,-1
/home/administrator/Desktop/exp500_new/cfiles32/xcsp/AllInterval-014.c,c6,0.0,0,0,0.0,0,0,10.71%,-1.0,223,-1
/home/administrator/Desktop/exp500_new/cfiles32/xcsp/AllInterval-015.c,c6,0.0,0,0,0.0,0,0,6.67%,-1.0,157,-1
/home/administrator/Desktop/exp500_new/cfiles32/xcsp/AllInterval-018.c,c6,0.0,0,0,0.0,0,0,5.56%,-1.0,216,-1
/home/administrator/Desktop/exp500_new/cfiles32/xcsp/AllInterval-019.c,c6,0.0,0,0,0.0,0,0,5.26%,-1.0,241,-1
/home/administrator/Desktop/exp500_new/cfiles32/xcsp/AllInterval-030.c,c6,0.0,0,0,0.0,0,0,3.33%,-1.0,448,-1
/home/administrator/Desktop/exp500_new/cfiles32/xcsp/CostasArray-17.c,c6,0.0,0,0,0.0,0,0,100.0%,260.188006401062,532,1
/home/administrator/Desktop/exp500_new/cfiles32/xcsp/Dubois-016.c,c6,0.0,0,0,0.0,0,0,100.0%,-1.0,111,-1
/home/administrator/Desktop/exp500_new/cfiles32/xcsp/Dubois-021.c,c6,0.0,0,0,0.0,0,0,100.0%,-1.0,141,-1
/home/administrator/Desktop/exp500_new/cfiles32/xcsp/Dubois-023.c,c6,0.0,0,0,0.0,0,0,100.0%,-1.0,153,-1
/home/administrator/Desktop/exp500_new/cfiles32/xcsp/Dubois-024.c,c6,0.0,0,0,0.0,0,0,100.0%,-1.0,158,-1
/home/administrator/Desktop/exp500_new/cfiles32/xcsp/Dubois-030.c,c6,0.0,0,0,0.0,0,0,100.0%,-1.0,210,-1
/home/administrator/Desktop/exp500_new/cfiles32/xcsp/Dubois-040.c,c6,0.0,0,0,0.0,0,0,100.0%,-1.0,255,-1
/home/administrator/Desktop/exp500_new/cfiles32/xcsp/Dubois-065.c,c6,0.0,0,0,0.0,0,0,100.0%,211.8520052433014,407,1
/home/administrator/Desktop/exp500_new/cfiles32/xcsp/Dubois-070.c,c6,0.0,0,0,0.0,0,0,100.0%,70.39200186729431,426,1
/home/administrator/Desktop/exp500_new/cfiles32/xcsp/Dubois-075.c,c6,0.0,0,0,0.0,0,0,100.0%,81.54800224304199,457,1
/home/administrator/Desktop/exp500_new/cfiles32/xcsp/Dubois-080.c,c6,0.0,0,0,0.0,0,0,100.0%,62.15200161933899,510,1
/home/administrator/Desktop/exp500_new/cfiles32/product-lines/email_spec0_product05.cil.c,c6,25.6,264,1033,39.3,35,89,15.13%,-1.0,43,-1
/home/administrator/Desktop/exp500_new/cfiles32/product-lines/email_spec11_product07.cil.c,c6,28.9,307,1061,44.6,41,92,18.41%,-1.0,26,-1
/home/administrator/Desktop/exp500_new/cfiles32/psyco/psyco_abp_1-2.c,c6,72.6,199,274,50.0,1,2,68.69%,-1.0,206,-1
/home/administrator/Desktop/exp500_new/cfiles32/psyco/psyco_abp_1-3.c,c6,71.2,195,274,50.0,1,2,67.68%,-1.0,192,-1
/home/administrator/Desktop/exp500_new/cfiles32/eca-rers2012/Problem16_label06.c,c6,97.3,1370,1408,75.0,3,4,90.79%,658.1960165500641,440,1
/home/administrator/Desktop/exp500_new/cfiles32/eca-rers2012/Problem16_label07.c,c6,94.2,1327,1408,75.0,3,4,87.21%,-1.0,435,-1
/home/administrator/Desktop/exp500_new/cfiles32/eca-rers2018/Problem12.c,c6,16.0,1624,10127,30.5,72,236,28.91%,20.52400064468384,554,48
/home/administrator/Desktop/exp500_new/cfiles32/eca-rers2018/Problem10.c,c6,58.5,504,861,29.5,43,146,77.12%,2.6440000534057617,279,43
/home/administrator/Desktop/exp500_new/cfiles32/eca-rers2018/Problem11.c,c6,52.5,949,1809,31.3,47,150,77.08%,6.880000114440918,339,58
