program_name,line_coverage,line_covered,total_lines,function_coverage,function_covered,total_functions,branch_coverage,time_difference,num_queue_files,num_crash_files
cfiles32/array-fpi/brs1f.c,16.7,3,18,25.0,1,4,92.31%,1.564000129699707,3,7
cfiles32/array-fpi/condmf.c,15.8,3,19,25.0,1,4,85.71%,0.1359999179840088,3,11
cfiles32/array-industry-pattern/array_of_struct_ptr_mul_init.i,0.0,0,0,0.0,0,0,45.45%,-1.0,66,-1
cfiles32/array-lopstr16/break-1.i,66.7,8,12,33.3,1,3,54.55%,-1.0,3,-1
cfiles32/array-tiling/mlceu.c,88.2,15,17,75.0,3,4,100.0%,6.7759997844696045,40,1
cfiles32/array-tiling/skipped.c,95.2,20,21,75.0,3,4,88.89%,-1.0,107,-1
cfiles32/array-tiling/skippedu.c,95.2,20,21,75.0,3,4,94.44%,9.455999612808228,83,9
cfiles32/array-tiling/tcpy.c,95.0,19,20,75.0,3,4,85.71%,-1.0,38,-1
cfiles32/bitvector/gcd_1.c,90.0,18,20,75.0,3,4,70.0%,-1.0,4,-1
cfiles32/bitvector/num_conversion_2.c,88.2,15,17,66.7,2,3,83.33%,-1.0,1,-1
cfiles32/bitvector/s3_srvr_2_alt.BV.c.cil.c,88.6,320,361,66.7,2,3,76.09%,-1.0,193,-1
cfiles32/bitvector/s3_srvr_2a_alt.BV.c.cil.c,82.6,319,386,66.7,2,3,70.05%,-1.0,209,-1
cfiles32/bitvector/s3_srvr_3.BV.c.cil.c,85.4,305,357,66.7,2,3,81.52%,-1.0,147,-1
cfiles32/bitvector/s3_srvr_3_alt.BV.c.cil.c,85.2,305,358,66.7,2,3,78.8%,-1.0,183,-1
cfiles32/bitvector/s3_srvr_3a.BV.c.cil.c,85.2,304,357,66.7,2,3,79.35%,-1.0,172,-1
cfiles32/bitvector/s3_srvr_3a_alt.BV.c.cil.c,86.0,308,358,66.7,2,3,82.61%,-1.0,173,-1
cfiles32/bitvector/soft_float_1-1.c.cil.c,69.2,117,169,66.7,4,6,68.42%,-1.0,75,-1
cfiles32/bitvector/soft_float_1-2.c.cil.c,69.9,121,173,71.4,5,7,58.97%,-1.0,80,-1
cfiles32/bitvector/soft_float_1-2a.c.cil.c,69.4,118,170,66.7,4,6,67.95%,-1.0,71,-1
cfiles32/bitvector/soft_float_4-1.c.cil.c,63.8,81,127,66.7,4,6,59.09%,-1.0,76,-1
cfiles32/bitvector/soft_float_4-2.c.cil.c,64.9,85,131,71.4,5,7,60.87%,-1.0,67,-1
cfiles32/bitvector/soft_float_5.c.cil.c,69.7,92,132,66.7,4,6,66.0%,-1.0,79,-1
cfiles32/bitvector/soft_float_5a.c.cil.c,69.7,92,132,66.7,4,6,66.0%,-1.0,84,-1
cfiles32/combinations/gcd_1+newton_1_2.i,92.1,35,38,88.9,8,9,75.0%,-1.0,24,-1
cfiles32/combinations/gcd_1+newton_1_3.i,92.1,35,38,88.9,8,9,37.5%,-1.0,24,-1
cfiles32/combinations/gcd_1+newton_1_4.i,92.1,35,38,88.9,8,9,81.25%,28.88399910926819,25,6
cfiles32/combinations/pals_lcr.3.1.ufo.BOUNDED-6.pals+Problem12_label01.c,95.7,3930,4107,42.9,6,14,87.84%,-1.0,1347,-1
cfiles32/combinations/pals_lcr.3.ufo.BOUNDED-6.pals+Problem12_label01.c,95.7,3928,4106,42.9,6,14,88.18%,-1.0,1397,-1
cfiles32/combinations/pals_lcr.3.ufo.UNBOUNDED.pals+Problem12_label06.c,95.7,3933,4108,40.0,6,15,88.41%,29.171999216079712,1420,12
cfiles32/combinations/pals_lcr.3.ufo.UNBOUNDED.pals+Problem12_label07.c,95.6,3927,4108,40.0,6,15,87.74%,284.89999198913574,1378,8
cfiles32/combinations/pals_lcr.3.ufo.UNBOUNDED.pals+Problem12_label08.c,95.5,3922,4108,40.0,6,15,87.63%,80.74799752235413,1338,21
cfiles32/combinations/pals_lcr.6.1.ufo.BOUNDED-12.pals+Problem12_label01.c,92.9,3927,4227,33.3,6,18,81.41%,-1.0,1413,-1
cfiles32/combinations/pals_lcr.6.1.ufo.UNBOUNDED.pals+Problem12_label01.c,92.9,3927,4226,33.3,6,18,81.22%,-1.0,1394,-1
cfiles32/combinations/pals_lcr.6.1.ufo.UNBOUNDED.pals+Problem12_label02.c,92.9,3927,4226,33.3,6,18,81.22%,-1.0,1325,-1
cfiles32/combinations/pals_lcr.6.1.ufo.UNBOUNDED.pals+Problem12_label04.c,93.1,3933,4226,33.3,6,18,81.43%,-1.0,1399,-1
cfiles32/combinations/pals_lcr.6.ufo.BOUNDED-12.pals+Problem12_label07.c,93.1,3933,4226,33.3,6,18,81.83%,21.40399932861328,1369,11
cfiles32/combinations/pals_lcr.6.ufo.BOUNDED-12.pals+Problem12_label08.c,92.9,3927,4226,33.3,6,18,81.31%,28.95199918746948,1330,12
cfiles32/combinations/pals_lcr.6.ufo.BOUNDED-12.pals+Problem12_label09.c,92.9,3926,4226,33.3,6,18,81.41%,-1.0,1357,-1
cfiles32/combinations/pals_lcr.6_overflow.ufo.UNBOUNDED.pals+Problem12_label04.c,92.9,3923,4223,33.3,6,18,81.19%,-1.0,1338,-1
cfiles32/combinations/pals_lcr.6_overflow.ufo.UNBOUNDED.pals+Problem12_label05.c,93.0,3929,4223,33.3,6,18,81.6%,-1.0,1369,-1
cfiles32/combinations/pals_lcr.6_overflow.ufo.UNBOUNDED.pals+Problem12_label09.c,93.0,3926,4223,33.3,6,18,81.39%,-1.0,1372,-1
cfiles32/combinations/pals_lcr.7.1.ufo.BOUNDED-14.pals+Problem12_label01.c,92.0,3927,4270,31.6,6,19,78.93%,-1.0,1413,-1
cfiles32/combinations/pals_lcr.7.1.ufo.BOUNDED-14.pals+Problem12_label02.c,92.0,3930,4270,31.6,6,19,79.13%,-1.0,1450,-1
cfiles32/combinations/pals_lcr.7.1.ufo.BOUNDED-14.pals+Problem12_label04.c,92.1,3933,4270,31.6,6,19,79.33%,-1.0,1461,-1
cfiles32/combinations/pals_lcr.7.1.ufo.BOUNDED-14.pals+Problem12_label05.c,92.0,3930,4270,31.6,6,19,79.23%,-1.0,1400,-1
cfiles32/combinations/pals_lcr.7.1.ufo.BOUNDED-14.pals+Problem12_label09.c,92.1,3934,4270,31.6,6,19,79.23%,-1.0,1424,-1
cfiles32/combinations/pals_lcr.7.1.ufo.UNBOUNDED.pals+Problem12_label02.c,92.0,3928,4269,31.6,6,19,79.05%,-1.0,1424,-1
cfiles32/combinations/pals_lcr.7.1.ufo.UNBOUNDED.pals+Problem12_label04.c,92.0,3928,4269,31.6,6,19,79.05%,-1.0,1447,-1
cfiles32/combinations/pals_lcr.7.1.ufo.UNBOUNDED.pals+Problem12_label05.c,92.2,3934,4269,31.6,6,19,79.15%,-1.0,1380,-1
cfiles32/combinations/pals_lcr.7.1.ufo.UNBOUNDED.pals+Problem12_label09.c,91.9,3924,4269,31.6,6,19,78.95%,-1.0,1384,-1
cfiles32/combinations/pals_lcr.7.ufo.BOUNDED-14.pals+Problem12_label00.c,92.0,3928,4269,31.6,6,19,79.03%,147.92799592018127,1394,7
cfiles32/combinations/pals_lcr.7.ufo.BOUNDED-14.pals+Problem12_label01.c,92.0,3927,4269,31.6,6,19,79.03%,-1.0,1372,-1
cfiles32/combinations/pals_lcr.7.ufo.BOUNDED-14.pals+Problem12_label02.c,92.0,3928,4269,31.6,6,19,79.23%,-1.0,1355,-1
cfiles32/combinations/pals_lcr.7.ufo.BOUNDED-14.pals+Problem12_label03.c,92.1,3933,4269,31.6,6,19,79.23%,57.52799844741821,1415,2
cfiles32/combinations/Problem05_label43+token_ring.13.cil-1.c,55.8,6366,11409,96.3,52,54,48.69%,53.07599854469299,1457,1
cfiles32/combinations/Problem05_label45+token_ring.09.cil-1.c,57.8,6469,11196,95.7,44,46,50.42%,-1.0,1585,-1
cfiles32/combinations/Problem05_label49+token_ring.02.cil-2.c,57.4,6220,10837,93.8,30,32,49.26%,22.36799931526184,1586,1
cfiles32/combinations/Problem05_label49+token_ring.06.cil-1.c,57.4,6336,11045,95.0,38,40,49.75%,25.299999237060547,1588,1
cfiles32/combinations/Problem05_label49+token_ring.07.cil-1.c,57.5,6382,11092,95.2,40,42,49.73%,-1.0,1638,-1
cfiles32/combinations/Problem05_label49+token_ring.10.cil-2.c,56.0,6299,11248,95.8,46,48,48.03%,-1.0,1547,-1
cfiles32/combinations/Problem05_label49+token_ring.13.cil-1.c,58.7,6693,11409,96.3,52,54,52.18%,38.02799892425537,1607,1
cfiles32/combinations/square_1+soft_float_4-2a.c.cil.c,67.4,97,144,77.8,7,9,62.26%,9.351999759674072,79,6
cfiles32/combinations/square_2+soft_float_1-2a.c.cil.c,71.5,133,186,77.8,7,9,70.59%,4.339999914169312,79,6
cfiles32/combinations/square_2+soft_float_2a.c.cil.c,72.3,107,148,77.8,7,9,68.42%,3.43999981880188,87,6
cfiles32/combinations/square_2+soft_float_4-2a.c.cil.c,67.4,97,144,77.8,7,9,66.04%,2.740000009536743,79,6
cfiles32/combinations/square_3+soft_float_4-2a.c.cil.c,67.4,97,144,77.8,7,9,64.15%,8.619999647140503,80,5
cfiles32/eca-rers2012/Problem16_label06.c,97.3,1370,1408,75.0,3,4,90.79%,605.8999826908112,406,1
cfiles32/eca-rers2012/Problem16_label07.c,90.3,1271,1408,75.0,3,4,82.61%,-1.0,372,-1
cfiles32/float-benchs/sin_interpolated_bigrange_loose.c,96.3,26,27,87.5,7,8,90.0%,-1.0,37,-1
cfiles32/float-newlib/double_req_bl_0660b.c,19.0,24,126,40.0,2,5,12.68%,-1.0,9,-1
cfiles32/float-newlib/float_req_bl_0660a.c,17.6,21,119,40.0,2,5,12.86%,-1.0,6,-1
cfiles32/float-newlib/float_req_bl_0661a.c,17.6,21,119,40.0,2,5,12.86%,-1.0,7,-1
cfiles32/float-newlib/float_req_bl_0661b.c,17.6,21,119,40.0,2,5,14.29%,-1.0,5,-1
cfiles32/floats-cdfpl/sine_4.i,83.3,10,12,66.7,2,3,60.0%,-1.0,21,-1
cfiles32/ldv-regression/test22-2.c,87.5,21,24,80.0,4,5,87.5%,0.188000202178955,6,6
cfiles32/loop-floats-scientific-comp/loop2-2.c,96.0,24,25,75.0,3,4,80.0%,-1.0,57,-1
cfiles32/loop-invariants/linear-inequality-inv-a.c,73.7,14,19,50.0,1,2,75.0%,-1.0,14,-1
cfiles32/loop-invgen/fragtest_simple.i,83.3,25,30,50.0,2,4,73.33%,-1.0,46,-1
cfiles32/loop-invgen/nest-if3.i,73.7,14,19,50.0,2,4,70.59%,-1.0,101,-1
cfiles32/loop-lit/hhk2008.i,75.0,15,20,50.0,2,4,63.64%,-1.0,11,-1
cfiles32/ntdrivers-simplified/cdaudio_simpl1.cil-1.c,83.6,891,1066,86.2,25,29,62.5%,-1.0,257,-1
cfiles32/ntdrivers-simplified/cdaudio_simpl1.cil-2.c,86.5,920,1064,93.1,27,29,68.03%,-1.0,268,-1
cfiles32/ntdrivers-simplified/diskperf_simpl1.cil.c,79.2,420,530,88.5,23,26,59.65%,-1.0,95,-1
cfiles32/ntdrivers-simplified/floppy_simpl3.cil-1.c,90.6,481,531,84.0,21,25,76.8%,7.803999662399292,76,11
cfiles32/ntdrivers-simplified/floppy_simpl3.cil-2.c,85.5,459,537,73.1,19,26,71.27%,-1.0,58,-1
cfiles32/ntdrivers-simplified/floppy_simpl4.cil-1.c,92.3,695,753,86.2,25,29,81.51%,13.31999969482422,179,17
cfiles32/ntdrivers-simplified/floppy_simpl4.cil-2.c,92.0,693,753,86.2,25,29,81.51%,-1.0,197,-1
cfiles32/ntdrivers-simplified/kbfiltr_simpl1.cil.c,82.6,237,287,83.3,10,12,61.29%,-1.0,19,-1
cfiles32/ntdrivers-simplified/kbfiltr_simpl2.cil-1.c,82.3,400,486,88.2,15,17,63.0%,-1.0,72,-1
cfiles32/openssl/s3_srvr.blast.07.i.cil-1.c,74.9,304,406,33.3,2,6,74.88%,-1.0,123,-1
cfiles32/openssl/s3_srvr.blast.09.i.cil-1.c,74.9,304,406,33.3,2,6,74.88%,-1.0,151,-1
cfiles32/openssl/s3_srvr.blast.15.i.cil-2.c,72.2,299,414,33.3,2,6,69.41%,-1.0,165,-1
cfiles32/openssl-simplified/s3_clnt_2.cil-1.c,88.4,306,346,66.7,2,3,77.14%,17.687999486923218,100,20
cfiles32/openssl-simplified/s3_clnt_3.cil-3.c,87.6,311,355,66.7,2,3,74.86%,-1.0,100,-1
cfiles32/openssl-simplified/s3_srvr_8.cil.c,73.2,290,396,66.7,2,3,63.64%,-1.0,177,-1
cfiles32/psyco/psyco_abp_1-1.c,72.5,200,276,50.0,1,2,68.5%,-1.0,488,-1
cfiles32/psyco/psyco_abp_1-2.c,72.6,199,274,50.0,1,2,68.69%,-1.0,430,-1
cfiles32/psyco/psyco_abp_1-3.c,72.6,199,274,50.0,1,2,68.69%,-1.0,416,-1
cfiles32/seq-mthreaded/pals_floodmax.3.1.ufo.BOUNDED-6.pals.c,0.0,0,0,0.0,0,0,8.82%,-1.0,7,-1
cfiles32/seq-mthreaded/pals_floodmax.3.1.ufo.UNBOUNDED.pals.c,0.0,0,0,0.0,0,0,5.71%,-1.0,7,-1
cfiles32/seq-mthreaded/pals_floodmax.3.2.ufo.BOUNDED-6.pals.c,0.0,0,0,0.0,0,0,7.69%,-1.0,8,-1
cfiles32/seq-mthreaded/pals_floodmax.3.ufo.UNBOUNDED.pals.c,0.0,0,0,0.0,0,0,7.49%,-1.0,8,-1
cfiles32/seq-mthreaded/pals_floodmax.3_overflow.ufo.UNBOUNDED.pals.c,0.0,0,0,0.0,0,0,8.29%,-1.0,7,-1
cfiles32/seq-mthreaded/pals_floodmax.4.1.ufo.BOUNDED-8.pals.c,0.0,0,0,0.0,0,0,19.68%,-1.0,10,-1
cfiles32/seq-mthreaded/pals_floodmax.4.1.ufo.UNBOUNDED.pals.c,0.0,0,0,0.0,0,0,6.61%,-1.0,9,-1
cfiles32/seq-mthreaded/pals_floodmax.4.2.ufo.BOUNDED-8.pals.c,0.0,0,0,0.0,0,0,6.8%,-1.0,10,-1
cfiles32/seq-mthreaded/pals_lcr.3.ufo.BOUNDED-6.pals.c,0.0,0,0,0.0,0,0,9.59%,-1.0,7,-1
cfiles32/seq-mthreaded/pals_lcr.3_overflow.ufo.UNBOUNDED.pals.c,0.0,0,0,0.0,0,0,9.72%,-1.0,7,-1
cfiles32/seq-mthreaded/pals_lcr.4.1.ufo.BOUNDED-8.pals.c,0.0,0,0,0.0,0,0,8.33%,-1.0,9,-1
cfiles32/seq-mthreaded/pals_lcr.4.1.ufo.UNBOUNDED.pals.c,0.0,0,0,0.0,0,0,7.22%,-1.0,9,-1
cfiles32/seq-mthreaded/pals_lcr.4.ufo.BOUNDED-8.pals.c,0.0,0,0,0.0,0,0,8.33%,-1.0,21,-1
cfiles32/seq-mthreaded/pals_lcr.4.ufo.UNBOUNDED.pals.c,0.0,0,0,0.0,0,0,8.25%,-1.0,9,-1
cfiles32/seq-mthreaded/pals_lcr.4_overflow.ufo.UNBOUNDED.pals.c,0.0,0,0,0.0,0,0,7.37%,373.19998931884766,10,5
cfiles32/seq-mthreaded/pals_lcr.5.1.ufo.BOUNDED-10.pals.c,0.0,0,0,0.0,0,0,5.79%,-1.0,11,-1
cfiles32/seq-mthreaded/pals_lcr.5.1.ufo.UNBOUNDED.pals.c,0.0,0,0,0.0,0,0,5.74%,-1.0,11,-1
cfiles32/seq-mthreaded/pals_lcr.5.ufo.BOUNDED-10.pals.c,0.0,0,0,0.0,0,0,5.79%,-1.0,11,-1
cfiles32/seq-mthreaded/pals_lcr.5.ufo.UNBOUNDED.pals.c,0.0,0,0,0.0,0,0,5.74%,-1.0,11,-1
cfiles32/seq-mthreaded/pals_lcr.5_overflow.ufo.UNBOUNDED.pals.c,0.0,0,0,0.0,0,0,6.67%,-1.0,11,-1
cfiles32/seq-mthreaded/pals_lcr.6.1.ufo.BOUNDED-12.pals.c,0.0,0,0,0.0,0,0,5.41%,-1.0,13,-1
cfiles32/seq-mthreaded/pals_lcr.6.1.ufo.UNBOUNDED.pals.c,0.0,0,0,0.0,0,0,4.7%,-1.0,13,-1
cfiles32/seq-mthreaded/pals_lcr.6.ufo.BOUNDED-12.pals.c,0.0,0,0,0.0,0,0,4.73%,-1.0,13,-1
cfiles32/seq-mthreaded/pals_lcr.6.ufo.UNBOUNDED.pals.c,0.0,0,0,0.0,0,0,4.7%,-1.0,13,-1
cfiles32/seq-mthreaded/pals_lcr.8.1.ufo.BOUNDED-16.pals.c,0.0,0,0,0.0,0,0,3.37%,-1.0,17,-1
cfiles32/seq-mthreaded/pals_lcr.8.1.ufo.UNBOUNDED.pals.c,0.0,0,0,0.0,0,0,3.83%,-1.0,17,-1
cfiles32/seq-mthreaded/pals_lcr.8_overflow.ufo.UNBOUNDED.pals.c,0.0,0,0,0.0,0,0,3.86%,-1.0,17,-1
cfiles32/seq-mthreaded/pals_lcr-var-start-time.3.ufo.UNBOUNDED.pals.c,0.0,0,0,0.0,0,0,8.51%,-1.0,8,-1
cfiles32/seq-mthreaded/pals_lcr-var-start-time.4.1.ufo.BOUNDED-8.pals.c,0.0,0,0,0.0,0,0,6.5%,-1.0,10,-1
cfiles32/seq-mthreaded/pals_lcr-var-start-time.4.2.ufo.BOUNDED-8.pals.c,0.0,0,0,0.0,0,0,7.5%,-1.0,10,-1
cfiles32/seq-mthreaded/pals_lcr-var-start-time.4.2.ufo.UNBOUNDED.pals.c,0.0,0,0,0.0,0,0,5.79%,-1.0,10,-1
cfiles32/seq-mthreaded/pals_lcr-var-start-time.4.ufo.BOUNDED-8.pals.c,0.0,0,0,0.0,0,0,6.5%,-1.0,10,-1
cfiles32/seq-mthreaded/pals_lcr-var-start-time.4.ufo.UNBOUNDED.pals.c,0.0,0,0,0.0,0,0,6.45%,-1.0,10,-1
cfiles32/seq-mthreaded/pals_lcr-var-start-time.5.2.ufo.BOUNDED-10.pals.c,0.0,0,0,0.0,0,0,5.26%,-1.0,12,-1
cfiles32/seq-mthreaded/pals_lcr-var-start-time.5.2.ufo.UNBOUNDED.pals.c,0.0,0,0,0.0,0,0,5.23%,-1.0,12,-1
cfiles32/seq-mthreaded/pals_lcr-var-start-time.5.ufo.BOUNDED-10.pals.c,0.0,0,0,0.0,0,0,5.16%,-1.0,12,-1
cfiles32/seq-mthreaded/pals_opt-floodmax.3.1.ufo.BOUNDED-6.pals.c,0.0,0,0,0.0,0,0,7.98%,-1.0,7,-1
cfiles32/seq-mthreaded/pals_opt-floodmax.3.3.ufo.BOUNDED-6.pals.c,0.0,0,0,0.0,0,0,7.5%,-1.0,8,-1
cfiles32/seq-mthreaded/pals_opt-floodmax.3.4.ufo.UNBOUNDED.pals.c,0.0,0,0,0.0,0,0,6.83%,-1.0,9,-1
cfiles32/seq-mthreaded/pals_opt-floodmax.3.ufo.BOUNDED-6.pals.c,0.0,0,0,0.0,0,0,7.5%,-1.0,9,-1
cfiles32/seq-mthreaded/pals_opt-floodmax.3.ufo.UNBOUNDED.pals.c,0.0,0,0,0.0,0,0,7.8%,-1.0,9,-1
cfiles32/seq-mthreaded/pals_opt-floodmax.3_overflow.ufo.UNBOUNDED.pals.c,0.0,0,0,0.0,0,0,7.54%,-1.0,9,-1
cfiles32/seq-mthreaded/pals_opt-floodmax.4.1.ufo.BOUNDED-8.pals.c,0.0,0,0,0.0,0,0,6.25%,-1.0,8,-1
cfiles32/seq-mthreaded/pals_opt-floodmax.4.1.ufo.UNBOUNDED.pals.c,0.0,0,0,0.0,0,0,6.37%,-1.0,9,-1
cfiles32/seq-mthreaded/pals_opt-floodmax.4.2.ufo.BOUNDED-8.pals.c,0.0,0,0,0.0,0,0,5.94%,-1.0,13,-1
cfiles32/seq-mthreaded/pals_opt-floodmax.4.2.ufo.UNBOUNDED.pals.c,0.0,0,0,0.0,0,0,7.27%,-1.0,16,-1
cfiles32/seq-mthreaded/pals_opt-floodmax.4.4.ufo.UNBOUNDED.pals.c,0.0,0,0,0.0,0,0,7.27%,-1.0,9,-1
cfiles32/seq-mthreaded/pals_opt-floodmax.4.ufo.BOUNDED-8.pals.c,0.0,0,0,0.0,0,0,5.53%,-1.0,9,-1
cfiles32/seq-mthreaded/pals_opt-floodmax.4.ufo.UNBOUNDED.pals.c,0.0,0,0,0.0,0,0,7.65%,-1.0,16,-1
cfiles32/seq-mthreaded/pals_opt-floodmax.4_overflow.ufo.UNBOUNDED.pals.c,0.0,0,0,0.0,0,0,6.37%,-1.0,14,-1
cfiles32/seq-mthreaded/pals_opt-floodmax.5.1.ufo.BOUNDED-10.pals.c,0.0,0,0,0.0,0,0,5.96%,-1.0,12,-1
cfiles32/seq-mthreaded/pals_opt-floodmax.5.1.ufo.UNBOUNDED.pals.c,0.0,0,0,0.0,0,0,6.88%,-1.0,13,-1
cfiles32/seq-mthreaded/pals_opt-floodmax.5.2.ufo.BOUNDED-10.pals.c,0.0,0,0,0.0,0,0,5.93%,-1.0,66,-1
cfiles32/seq-mthreaded/pals_opt-floodmax.5.4.ufo.BOUNDED-10.pals.c,0.0,0,0,0.0,0,0,5.85%,-1.0,71,-1
cfiles32/seq-mthreaded/pals_opt-floodmax.5.ufo.BOUNDED-10.pals.c,0.0,0,0,0.0,0,0,6.78%,-1.0,72,-1
cfiles32/seq-mthreaded/pals_opt-floodmax.5.ufo.UNBOUNDED.pals.c,0.0,0,0,0.0,0,0,6.73%,-1.0,66,-1
cfiles32/seq-mthreaded/pals_opt-floodmax.5_overflow.ufo.UNBOUNDED.pals.c,0.0,0,0,0.0,0,0,5.94%,-1.0,73,-1
cfiles32/seq-pthread/cs_lazy.i,30.6,57,186,25.0,5,20,31.71%,773.207977771759,88,1
cfiles32/seq-pthread/cs_stateful-1.i,28.4,54,190,21.1,4,19,32.28%,-1.0,105,-1
cfiles32/systemc/token_ring.04.cil-2.c,82.2,281,342,92.3,24,26,74.58%,65.39599823951721,55,1
cfiles32/systemc/token_ring.06.cil-1.c,83.2,371,446,93.3,28,30,73.64%,11.071999788284302,70,1
cfiles32/xcsp/AllInterval-005.c,0.0,0,0,0.0,0,0,70.0%,-1.0,59,-1
cfiles32/xcsp/AllInterval-006.c,0.0,0,0,0.0,0,0,50.0%,-1.0,73,-1
cfiles32/xcsp/AllInterval-008.c,0.0,0,0,0.0,0,0,37.5%,-1.0,114,-1
cfiles32/xcsp/AllInterval-009.c,0.0,0,0,0.0,0,0,27.78%,-1.0,133,-1
cfiles32/xcsp/AllInterval-010.c,0.0,0,0,0.0,0,0,30.0%,-1.0,164,-1
cfiles32/xcsp/AllInterval-011.c,0.0,0,0,0.0,0,0,27.27%,-1.0,191,-1
cfiles32/xcsp/AllInterval-012.c,0.0,0,0,0.0,0,0,25.0%,-1.0,212,-1
cfiles32/xcsp/AllInterval-014.c,0.0,0,0,0.0,0,0,7.14%,-1.0,202,-1
cfiles32/xcsp/AllInterval-015.c,0.0,0,0,0.0,0,0,13.33%,-1.0,309,-1
cfiles32/xcsp/AllInterval-016.c,0.0,0,0,0.0,0,0,15.62%,-1.0,348,-1
cfiles32/xcsp/AllInterval-017.c,0.0,0,0,0.0,0,0,5.88%,-1.0,264,-1
cfiles32/xcsp/AllInterval-018.c,0.0,0,0,0.0,0,0,5.56%,-1.0,293,-1
cfiles32/xcsp/AllInterval-019.c,0.0,0,0,0.0,0,0,5.26%,-1.0,298,-1
cfiles32/xcsp/AllInterval-020.c,0.0,0,0,0.0,0,0,7.5%,-1.0,377,-1
