program_name,branch_coverage,error_cover,branch_coverage,error_cover,
array-examples/standard_copy3_ground-2.i,7.69%,UNKNOWN,7.69%,UNKNOWN,
array-examples/standard_copy5_ground-2.i,5.88%,UNKNOWN,5.88%,UNKNOWN,
array-fpi/indp3f.c,87.50%,TRUE,87.50%,TRUE,
bitvector/s3_clnt_2.BV.c.cil-2a.c,85.14%,TRUE,81.14%,UNKNOWN,1
bitvector-regression/recHanoi03-1.c,0,UNKNOWN,0,UNKNOWN,
eca-rers2012/Problem03_label09.c,46.96%,TRUE,46.96%,TRUE,
eca-rers2012/Problem19_label14.c,49.51%,TRUE,48.82%,TRUE,1
float-benchs/inv_Newton.c.p+cfa-reducer.c,60.00%,TRUE,20.00%,UNKNOWN,1
float-benchs/nan_double.c,50.00%,UNKNOWN,50.00%,UNKNOWN,
float-newlib/double_req_bl_0870a.c,3.87%,UNKNOWN,4.42%,UNKNOWN,1
float-newlib/float_req_bl_0870a.c,5.26%,TRUE,5.26%,TRUE,
floats-cdfpl/newton_3_6.i,100.00%,TRUE,100.00%,TRUE,
floats-cdfpl/sine_3.i,80.00%,TRUE,100.00%,TRUE,1
forester-heap/dll-circular-1.i,61.90%,TRUE,61.90%,TRUE,
forester-heap/sll-rb-sentinel-2.i,8.00%,UNKNOWN,8.00%,UNKNOWN,
heap-manipulation/dll_of_dll-2.i,8.45%,UNKNOWN,8.45%,UNKNOWN,
heap-manipulation/sll_to_dll_rev-1.i,2.08%,UNKNOWN,2.08%,UNKNOWN,
ldv-regression/test21-2.c,50.00%,TRUE,50.00%,TRUE,
ldv-regression/test22-3.c,90.00%,UNKNOWN,90.00%,UNKNOWN,
list-ext2-properties/simple_and_skiplist_2lvl-1.i,14.29%,UNKNOWN,14.29%,UNKNOWN,
list-ext2-properties/simple_search_value-2.i,20.00%,UNKNOWN,20.00%,UNKNOWN,
list-ext3-properties/sll_length_check-1.i,69.23%,TRUE,69.23%,TRUE,
list-ext3-properties/sll_of_sll_nondet_append-2.i,70.97%,TRUE,70.97%,TRUE,
list-ext-properties/list-ext.i,84.21%,TRUE,84.21%,TRUE,
list-ext-properties/simple-ext.i,53.85%,TRUE,53.85%,TRUE,
list-properties/list-2.i,17.65%,UNKNOWN,17.65%,UNKNOWN,
list-properties/splice-1.i,21.74%,UNKNOWN,21.74%,UNKNOWN,
loop-acceleration/array_3-2.i,85.71%,TRUE,85.71%,TRUE,
loop-acceleration/multivar_1-2.c,50.00%,TRUE,50.00%,TRUE,
loop-floats-scientific-comp/loop4.i,0,UNKNOWN,0,UNKNOWN,
loop-invgen/id_trans.i,77.78%,TRUE,77.78%,TRUE,
loops/trex01-1.c,58.33%,UNKNOWN,58.33%,UNKNOWN,
loops-crafted-1/nested_delay_notd2.c,68.75%,TRUE,68.75%,TRUE,
nla-digbench-scaling/mannadiv_unwindbound1.c,70.00%,TRUE,70.00%,TRUE,
nla-digbench-scaling/mannadiv_unwindbound20.c,70.00%,TRUE,70.00%,TRUE,
product-lines/email_spec1_product30.cil.c,30.28%,TRUE,30.28%,TRUE,
product-lines/email_spec3_product13.cil.c,24.19%,TRUE,24.19%,TRUE,
recursive/Fibonacci05.c,0,UNKNOWN,0,UNKNOWN,
recursive/McCarthy91-1.c,100.00%,TRUE,100.00%,TRUE,
recursive-simple/id_b3_o2-2.c,0,UNKNOWN,0,UNKNOWN,
recursive-simple/id2_b3_o2.c,0,UNKNOWN,0,UNKNOWN,
reducercommutativity/rangesum10.i,84.62%,TRUE,84.62%,TRUE,
reducercommutativity/rangesum40.i,84.62%,TRUE,84.62%,TRUE,
seq-mthreaded/pals_opt-floodmax.3.4.ufo.BOUNDED-6.pals.c,7.00%,UNKNOWN,4.00%,UNKNOWN,1
seq-mthreaded/pals_opt-floodmax.4.3.ufo.BOUNDED-8.pals.c,7.58%,UNKNOWN,7.58%,UNKNOWN,
seq-pthread/cs_fib-2.i,0,UNKNOWN,0,UNKNOWN,
seq-pthread/cs_queue-2.i,41.35%,UNKNOWN,41.35%,UNKNOWN,
verifythis/tree_del_rec.c,0,UNKNOWN,0,UNKNOWN,
verifythis/tree_max_incorrect.c,25.00%,UNKNOWN,25.00%,UNKNOWN,
xcsp/aim-200-6-0-sat-3.c,100.00%,UNKNOWN,100.00%,UNKNOWN,
xcsp/AllInterval-013.c,23.08%,UNKNOWN,19.23%,UNKNOWN,1
