program_name,Number of lines,Number of functions,Cyclomatic complexity,Total edges in AST,Height of AST,Maximum nested loop depth,Number of equality constraints,Number of inequality constraints,Call stack depth
array-cav19/array_doub_access_init_const.c,21,8,4,154,10,1,0,3,4
array-cav19/array_init_both_ends_multiple_sum.c,27,9,4,179,12,1,1,3,4
array-cav19/array_init_pair_symmetr.c,29,10,4,194,11,1,1,5,4
array-cav19/array_min_and_copy_shift_sum_add.c,33,13,4,228,11,1,0,11,4
array-crafted/bor1.i,45,9,3,249,9,1,0,5,2
array-crafted/zero_sum_const2.c,44,13,4,239,13,1,1,7,4
array-crafted/zero_sum_const5.c,68,19,4,341,13,1,1,13,4
array-crafted/zero_sum_m5.c,66,18,4,319,11,1,1,12,4
array-crafted/zero_sum2.c,42,12,4,217,11,1,1,6,4
array-examples/data_structures_set_multi_proc_ground-2.i,55,17,5,326,12,2,1,10,3
array-examples/sanfoundry_02_ground.i,52,13,3,249,11,1,1,9,3
array-examples/sanfoundry_10_ground.c,40,12,3,187,12,1,1,5,4
array-examples/standard_copyInitSum_ground.i,33,9,3,207,10,1,1,4,3
array-examples/standard_init1_ground-2.i,24,7,3,151,10,1,1,2,3
array-examples/standard_partial_init_ground.i,37,10,3,226,11,1,1,6,3
array-examples/standard_vararg_ground.i,28,8,3,167,10,1,0,4,3
array-fpi/brs1.c,38,11,4,223,11,1,2,5,4
array-fpi/brs1f.c,38,11,4,227,11,1,2,5,4
array-fpi/brs3.c,38,11,4,225,11,1,2,5,4
array-fpi/condm.c,36,11,4,223,11,1,2,5,4
array-fpi/condmf.c,39,11,4,223,11,1,2,5,4
array-fpi/eqn1.c,35,10,4,243,12,1,1,5,4
array-fpi/eqn2.c,35,10,4,247,13,1,1,5,4
array-fpi/eqn3.c,35,10,4,247,13,1,1,5,4
array-fpi/res1o.c,40,11,4,255,11,1,0,7,4
array-fpi/s2lif.c,39,11,4,242,11,1,2,5,4
array-fpi/s52if.c,44,12,4,261,11,1,3,5,4
array-fpi/s5if.c,35,10,4,225,11,1,2,4,4
array-industry-pattern/array_of_struct_ptr_flag_init.i,46,11,4,235,13,1,2,4,3
array-industry-pattern/array_of_struct_ptr_monotonic.i,40,9,3,244,15,1,2,3,3
array-industry-pattern/array_of_struct_ptr_mul_init.i,41,10,3,231,13,1,2,3,3
array-industry-pattern/array_of_struct_single_elem_init.i,48,10,3,226,12,1,3,3,3
array-industry-pattern/array_ptr_single_elem_init-1.i,56,13,3,305,17,1,3,6,3
array-industry-pattern/array_single_elem_init.i,49,11,3,218,12,1,4,3,3
array-lopstr16/break-1.i,35,9,3,194,12,1,0,5,3
array-lopstr16/break-2.i,32,9,3,169,12,1,1,4,3
array-lopstr16/flag_loopdep.i,46,11,4,236,13,1,2,4,3
array-lopstr16/flag_loopdep_simple.i,45,11,4,216,12,1,2,4,3
array-lopstr16/scalar_loopdep.i,33,7,3,171,11,1,0,3,3
array-lopstr16/single_elem_safe.i,55,13,3,298,17,1,3,6,3
array-patterns/array1_pattern.c,42,11,4,236,10,1,2,5,4
array-patterns/array8_pattern.c,43,12,4,252,10,1,2,6,4
array-patterns/array9_pattern.c,43,12,4,252,10,1,2,6,4
array-programs/partial_mod_count_1.c,19,8,3,145,10,1,1,4,4
array-programs/partial_mod_count_2.c,19,8,3,145,10,1,1,4,4
array-programs/partial_mod_count_3.c,19,8,3,147,11,1,1,4,4
array-programs/partial_mod_count_4.c,19,8,3,145,10,1,1,4,4
array-programs/partial_mod_count_5.c,19,8,3,145,10,1,1,4,4
array-programs/partial_mod_count_limited_1.c,27,12,4,204,10,1,2,6,4
array-programs/partial_mod_count_limited_3.c,27,13,4,214,12,1,2,7,4
array-programs/partial_mod_count_limited_5.c,27,13,4,212,11,1,2,7,4
array-tiling/mlceu.c,35,10,4,196,11,1,1,5,4
array-tiling/pnr4.c,75,16,5,329,14,1,1,10,4
array-tiling/revcpyswp2.c,52,13,4,320,14,1,1,7,4
array-tiling/rew.c,37,11,4,205,13,1,0,6,4
array-tiling/rewnif.c,34,11,4,193,13,1,0,6,4
array-tiling/rewnifrev.c,34,11,4,197,13,1,0,6,4
array-tiling/rewnifrev2.c,31,10,4,190,13,1,0,5,4
array-tiling/rewrev.c,37,11,4,206,13,1,0,6,4
array-tiling/skipped.c,43,14,4,265,14,1,1,9,4
array-tiling/skippedu.c,43,14,4,257,14,1,1,9,4
array-tiling/tcpy.c,38,12,4,246,13,1,2,6,4
bitvector/gcd_1.c,33,10,4,165,9,1,2,4,4
bitvector/num_conversion_2.c,28,6,3,149,11,1,1,2,4
bitvector/s3_srvr_2_alt.BV.c.cil.c,637,103,3,1511,96,1,45,28,4
bitvector/s3_srvr_2a_alt.BV.c.cil.c,638,103,3,1523,96,1,45,28,4
bitvector/s3_srvr_3.BV.c.cil.c,634,103,3,1486,96,1,45,27,4
bitvector/s3_srvr_3_alt.BV.c.cil.c,635,103,3,1490,96,1,45,27,4
bitvector/s3_srvr_3a.BV.c.cil.c,635,103,3,1494,96,1,45,27,4
bitvector/s3_srvr_3a_alt.BV.c.cil.c,636,103,3,1498,96,1,45,27,4
bitvector/soft_float_1-1.c.cil.c,319,45,6,1032,16,1,6,30,5
bitvector/soft_float_1-2.c.cil.c,324,47,7,1065,16,1,6,31,5
bitvector/soft_float_1-2a.c.cil.c,321,46,6,1051,16,1,6,31,5
bitvector/soft_float_4-1.c.cil.c,229,29,6,824,13,1,3,16,5
bitvector/soft_float_4-2.c.cil.c,234,31,7,857,13,1,3,17,5
bitvector/soft_float_5.c.cil.c,242,32,6,837,13,1,4,17,4
bitvector/soft_float_5a.c.cil.c,242,32,6,837,13,1,4,17,4
bitvector-regression/implicitunsignedconversion-2.c,13,3,2,73,8,0,0,1,3
combinations/gcd_1+newton_1_2.i,78,19,9,441,13,1,2,7,5
combinations/gcd_1+newton_1_3.i,78,19,9,441,13,1,2,7,5
combinations/gcd_1+newton_1_4.i,78,19,9,441,13,1,2,7,5
combinations/pals_lcr.3.1.ufo.BOUNDED-6.pals+Problem12_label01.c,4342,6717,14,46999,232,1,3813,2883,6
combinations/pals_lcr.3.ufo.BOUNDED-6.pals+Problem12_label01.c,4340,6717,14,46995,232,1,3813,2883,6
combinations/pals_lcr.3.ufo.UNBOUNDED.pals+Problem12_label06.c,4345,6719,15,47005,232,1,3814,2882,6
combinations/pals_lcr.3.ufo.UNBOUNDED.pals+Problem12_label07.c,4345,6719,15,47005,232,1,3814,2882,6
combinations/pals_lcr.3.ufo.UNBOUNDED.pals+Problem12_label08.c,4345,6719,15,47005,232,1,3814,2882,6
combinations/pals_lcr.6.1.ufo.BOUNDED-12.pals+Problem12_label01.c,4561,6763,18,47901,232,1,3828,2907,6
combinations/pals_lcr.6.1.ufo.UNBOUNDED.pals+Problem12_label01.c,4563,6764,18,47897,232,1,3829,2906,6
combinations/pals_lcr.6.1.ufo.UNBOUNDED.pals+Problem12_label02.c,4563,6764,18,47897,232,1,3829,2906,6
combinations/pals_lcr.6.1.ufo.UNBOUNDED.pals+Problem12_label04.c,4563,6764,18,47897,232,1,3829,2906,6
combinations/pals_lcr.6.ufo.BOUNDED-12.pals+Problem12_label07.c,4559,6763,18,47897,232,1,3828,2907,6
combinations/pals_lcr.6.ufo.BOUNDED-12.pals+Problem12_label08.c,4559,6763,18,47897,232,1,3828,2907,6
combinations/pals_lcr.6.ufo.BOUNDED-12.pals+Problem12_label09.c,4559,6763,18,47897,232,1,3828,2907,6
combinations/pals_lcr.6_overflow.ufo.UNBOUNDED.pals+Problem12_label04.c,4560,6763,18,47909,232,1,3828,2906,6
combinations/pals_lcr.6_overflow.ufo.UNBOUNDED.pals+Problem12_label05.c,4560,6763,18,47909,232,1,3828,2906,6
combinations/pals_lcr.6_overflow.ufo.UNBOUNDED.pals+Problem12_label09.c,4560,6763,18,47909,232,1,3828,2906,6
combinations/pals_lcr.7.1.ufo.BOUNDED-14.pals+Problem12_label01.c,4641,6780,19,48231,232,1,3833,2917,6
combinations/pals_lcr.7.1.ufo.BOUNDED-14.pals+Problem12_label02.c,4641,6780,19,48231,232,1,3833,2917,6
combinations/pals_lcr.7.1.ufo.BOUNDED-14.pals+Problem12_label04.c,4641,6780,19,48231,232,1,3833,2917,6
combinations/pals_lcr.7.1.ufo.BOUNDED-14.pals+Problem12_label05.c,4641,6780,19,48231,232,1,3833,2917,6
combinations/pals_lcr.7.1.ufo.BOUNDED-14.pals+Problem12_label09.c,4641,6780,19,48231,232,1,3833,2917,6
combinations/pals_lcr.7.1.ufo.UNBOUNDED.pals+Problem12_label02.c,4643,6781,19,48227,232,1,3834,2916,6
combinations/pals_lcr.7.1.ufo.UNBOUNDED.pals+Problem12_label04.c,4643,6781,19,48227,232,1,3834,2916,6
combinations/pals_lcr.7.1.ufo.UNBOUNDED.pals+Problem12_label05.c,4643,6781,19,48227,232,1,3834,2916,6
combinations/pals_lcr.7.1.ufo.UNBOUNDED.pals+Problem12_label09.c,4643,6781,19,48227,232,1,3834,2916,6
combinations/pals_lcr.7.ufo.BOUNDED-14.pals+Problem12_label00.c,4639,6780,19,48227,232,1,3833,2917,6
combinations/pals_lcr.7.ufo.BOUNDED-14.pals+Problem12_label01.c,4639,6780,19,48227,232,1,3833,2917,6
combinations/pals_lcr.7.ufo.BOUNDED-14.pals+Problem12_label02.c,4639,6780,19,48227,232,1,3833,2917,6
combinations/pals_lcr.7.ufo.BOUNDED-14.pals+Problem12_label03.c,4639,6780,19,48227,232,1,3833,2917,6
combinations/Problem05_label43+token_ring.13.cil-1.c,12864,17922,54,103932,234,1,17808,11,12
combinations/Problem05_label45+token_ring.09.cil-1.c,12416,17845,46,102956,234,1,17755,7,12
combinations/Problem05_label49+token_ring.02.cil-2.c,11665,17724,32,101336,234,1,17665,11,12
combinations/Problem05_label49+token_ring.06.cil-1.c,12101,17796,40,102280,234,1,17717,11,12
combinations/Problem05_label49+token_ring.07.cil-1.c,12198,17809,42,102484,234,1,17729,7,12
combinations/Problem05_label49+token_ring.10.cil-2.c,12525,17863,48,103192,234,1,17768,7,12
combinations/Problem05_label49+token_ring.13.cil-1.c,12864,17922,54,103932,234,1,17808,11,12
combinations/square_1+soft_float_4-2a.c.cil.c,270,39,9,1056,13,1,3,21,5
combinations/square_2+soft_float_1-2a.c.cil.c,360,55,9,1264,16,1,6,35,5
combinations/square_2+soft_float_2a.c.cil.c,281,41,9,1050,13,1,4,21,4
combinations/square_2+soft_float_4-2a.c.cil.c,270,39,9,1056,13,1,3,21,5
combinations/square_3+soft_float_4-2a.c.cil.c,270,39,9,1056,13,1,3,21,5
eca-rers2012/Problem01_label00.c,582,1085,3,6045,80,1,1075,6,4
eca-rers2012/Problem01_label57.c,582,1085,3,6045,80,1,1075,6,4
eca-rers2012/Problem01_label58.c,582,1085,3,6045,80,1,1075,6,4
eca-rers2012/Problem01_label59.c,582,1085,3,6045,80,1,1075,6,4
eca-rers2012/Problem02_label21.c,603,1000,3,5644,88,1,991,5,4
eca-rers2012/Problem02_label22.c,603,1000,3,5644,88,1,991,5,4
eca-rers2012/Problem02_label23.c,603,1000,3,5644,88,1,991,5,4
eca-rers2012/Problem02_label44.c,603,1000,3,5644,88,1,991,5,4
eca-rers2012/Problem02_label45.c,603,1000,3,5644,88,1,991,5,4
eca-rers2012/Problem02_label46.c,603,1000,3,5644,88,1,991,5,4
eca-rers2012/Problem02_label47.c,603,1000,3,5644,88,1,991,5,4
eca-rers2012/Problem03_label05.c,1656,3070,3,17838,155,1,3060,6,4
eca-rers2012/Problem03_label06.c,1656,3070,3,17838,155,1,3060,6,4
eca-rers2012/Problem10_label50.c,513,954,3,5736,87,1,649,301,4
eca-rers2012/Problem10_label51.c,513,954,3,5736,87,1,649,301,4
eca-rers2012/Problem11_label25.c,886,1659,3,10833,132,1,1023,632,4
eca-rers2012/Problem11_label26.c,886,1659,3,10833,132,1,1023,632,4
eca-rers2012/Problem11_label27.c,886,1659,3,10833,132,1,1023,632,4
eca-rers2012/Problem11_label35.c,886,1659,3,10833,132,1,1023,632,4
eca-rers2012/Problem14_label53.c,735,1136,3,7219,124,1,783,349,4
eca-rers2012/Problem14_label54.c,735,1136,3,7219,124,1,783,349,4
eca-rers2012/Problem16_label06.c,1495,2289,4,15798,232,1,1401,883,4
eca-rers2012/Problem16_label07.c,1495,2289,4,15798,232,1,1401,883,4
float-benchs/Muller_Kahan.c,18,6,3,129,11,1,0,3,4
float-benchs/Rump_float.c,13,4,3,168,17,0,0,1,4
float-benchs/sin_interpolated_bigrange_loose.c,138,15,8,829,13,0,0,7,5
float-newlib/double_req_bl_0220a.c,604,131,12,3105,17,2,25,64,6
float-newlib/double_req_bl_0220b.c,604,131,12,3107,17,2,25,64,6
float-newlib/double_req_bl_0660b.c,226,56,5,962,17,1,7,21,4
float-newlib/double_req_bl_0876.c,556,130,9,2662,18,1,37,55,4
float-newlib/double_req_bl_0970b.c,156,27,5,787,14,1,7,9,3
float-newlib/double_req_bl_1031.c,70,16,4,304,12,1,5,5,3
float-newlib/float_req_bl_0240a.c,573,123,13,3103,16,2,19,63,6
float-newlib/float_req_bl_0240b.c,573,123,13,3104,16,2,19,63,6
float-newlib/float_req_bl_0660a.c,208,54,5,901,17,1,7,20,4
float-newlib/float_req_bl_0661a.c,208,53,5,896,17,1,6,20,4
float-newlib/float_req_bl_0661b.c,208,53,5,894,17,1,6,20,4
float-newlib/float_req_bl_1231.c,64,33,6,325,12,1,6,13,3
floats-cbmc-regression/float2.c,16,6,2,105,8,0,4,0,3
floats-cbmc-regression/float-no-simp1.c,12,3,2,75,8,0,1,0,3
floats-cbmc-regression/float-to-double1.i,286,10,2,4176,14,0,5,0,2
floats-cdfpl/newton_1_1.i,32,9,5,246,13,0,0,3,3
floats-cdfpl/newton_2_3.i,33,9,5,259,13,0,0,3,3
floats-cdfpl/sine_4.i,25,8,3,191,13,0,0,4,3
floats-esbmc-regression/digits_for.c,16,5,3,126,12,1,1,1,4
floats-esbmc-regression/Double_div.i.p+cfa-reducer.c,36,4,2,117,11,0,2,1,3
floats-esbmc-regression/Float_div.i,23,6,3,136,9,1,1,1,3
ldv-regression/fo_test.i,983,13,11,3763,13,0,1,1,5
ldv-regression/test_overflow.i,751,10,9,3693,13,0,1,0,4
ldv-regression/test_union.c_1.i,17,4,3,92,8,0,1,0,4
ldv-regression/test10.c,35,5,3,170,8,0,0,2,3
ldv-regression/test22-2.c,43,11,5,225,10,1,2,3,3
ldv-regression/volatile_alias.i,14,3,2,80,9,0,0,1,3
list-ext3-properties/dll_circular_traversal-1.i,561,14,6,2363,15,1,2,5,3
list-ext3-properties/dll_circular_traversal-2.i,563,14,6,2373,15,1,2,5,3
list-ext-properties/960521-1_1-1.i,531,14,8,2242,13,1,0,3,2
list-ext-properties/test-0504_1.i,569,18,7,2420,14,2,0,5,2
list-ext-properties/test-0513_1.i,582,25,7,2458,14,2,0,8,2
list-properties/list_search-2.i,803,20,11,3937,13,1,2,4,3
list-simple/dll2c_append_equal.i,582,19,9,2464,15,1,2,6,4
list-simple/dll2c_append_unequal.i,587,20,9,2480,15,1,2,7,4
list-simple/sll2n_update_all_reverse.i,567,19,10,2403,15,1,1,6,4
loop-acceleration/array_1-2.c,17,5,3,103,9,1,1,1,4
loop-acceleration/simple_1-2_abstracted.c,32,5,3,161,9,0,0,1,4
loop-crafted/simple_array_index_value_1-1.i,32,8,3,164,12,1,2,3,3
loop-crafted/simple_array_index_value_1-2.i,37,10,4,179,9,1,1,2,3
loop-crafted/simple_array_index_value_3.i,35,10,4,188,11,1,2,2,3
loop-crafted/simple_array_index_value_4.i.v+nlh-reducer.c,172,19,3,384,30,1,6,10,3
loop-floats-scientific-comp/loop2-2.c,37,10,4,212,11,1,2,3,4
loop-industry-pattern/aiob_4.c.v+lh-reducer.c,237,8,2,1547,18,0,3,3,3
loop-industry-pattern/ofuf_3.c,464,61,12,1836,18,2,8,29,5000
loop-invariants/linear-inequality-inv-a.c,26,6,2,105,8,1,1,3,5000
loop-invgen/fragtest_simple.i,53,14,4,240,9,1,0,5,3
loop-invgen/nest-if3.i,36,13,4,208,11,2,0,6,3
loop-lit/hhk2008.i,36,11,4,198,9,1,1,4,3
loop-lit/mine2017-ex4.10.i,22,6,3,142,9,1,0,5,3
loop-lit/mine2017-ex4.7.i,25,8,3,147,10,1,2,3,3
loop-new/count_by_1.i,27,8,4,154,9,1,1,1,3
loop-new/count_by_2.i,27,8,4,155,9,1,1,1,3
loop-new/half.i,34,12,4,191,9,1,2,4,3
loop-new/nested-1.i,36,13,4,205,9,2,0,7,3
loops-crafted-1/in-de61.c,48,10,3,157,9,1,1,6,4
loops-crafted-1/sumt2.c,32,9,4,168,9,1,1,2,4
loops-crafted-1/watermelon.c,53,14,5,216,9,1,1,8,4
loop-simple/nested_2.c,14,6,2,81,8,2,2,2,3
loop-simple/nested_3.c,17,8,2,99,10,3,3,3,3
loop-simple/nested_5.c,23,12,2,135,14,5,5,5,3
nla-digbench/cohendiv.c,47,10,4,252,13,2,5,5,4
nla-digbench/cohendiv-ll.c,48,10,4,252,13,2,5,5,4
nla-digbench/geo3.c,35,8,4,201,13,1,2,1,4
nla-digbench/lcm2.c,43,9,4,229,11,1,2,6,4
nla-digbench-scaling/cohendiv-ll_valuebound20.c,50,12,4,272,13,2,5,9,4
nla-digbench-scaling/geo2-ll_valuebound2.c,36,10,4,210,13,1,2,5,4
ntdrivers-simplified/cdaudio_simpl1.cil-1.c,2105,223,29,5598,57,1,108,57,9
ntdrivers-simplified/cdaudio_simpl1.cil-2.c,2101,222,29,5590,57,1,108,56,9
ntdrivers-simplified/diskperf_simpl1.cil.c,1059,118,26,3022,26,1,55,20,9
ntdrivers-simplified/floppy_simpl3.cil-1.c,1083,128,25,2990,29,1,60,24,9
ntdrivers-simplified/floppy_simpl3.cil-2.c,1096,129,26,3028,29,1,60,24,9
ntdrivers-simplified/floppy_simpl4.cil-1.c,1518,175,29,4137,54,1,81,38,9
ntdrivers-simplified/floppy_simpl4.cil-2.c,1518,175,29,4138,54,1,81,38,9
ntdrivers-simplified/kbfiltr_simpl1.cil.c,564,78,12,1414,55,0,48,12,7
ntdrivers-simplified/kbfiltr_simpl2.cil-1.c,961,124,17,2402,55,0,79,16,8
openssl/s3_srvr.blast.07.i.cil-1.c,1692,113,6,6452,97,1,51,27,4
openssl/s3_srvr.blast.09.i.cil-1.c,1692,113,6,6452,97,1,51,27,4
openssl/s3_srvr.blast.15.i.cil-2.c,1708,117,6,6490,97,1,55,27,4
openssl-simplified/s3_clnt_2.cil-1.c,551,92,3,1385,85,1,43,25,4
openssl-simplified/s3_clnt_3.cil-3.c,575,92,3,1486,85,1,43,25,4
openssl-simplified/s3_srvr_8.cil.c,636,109,3,1536,97,1,51,28,4
psyco/psyco_abp_1-1.c,392,277,2,2735,23,1,49,192,3
psyco/psyco_abp_1-2.c,389,276,2,2726,23,1,49,191,3
psyco/psyco_abp_1-3.c,389,276,2,2726,23,1,49,191,3
recursive-simple/fibo_10-2.c,21,6,3,118,12,0,1,2,5000
recursive-simple/fibo_2calls_10-1.c,32,9,4,173,12,0,2,3,5000
seq-mthreaded/pals_floodmax.3.1.ufo.BOUNDED-6.pals.c,512,104,8,1825,50,1,31,30,4
seq-mthreaded/pals_floodmax.3.1.ufo.UNBOUNDED.pals.c,524,108,9,1843,50,1,34,29,4
seq-mthreaded/pals_floodmax.3.2.ufo.BOUNDED-6.pals.c,536,110,8,1867,62,1,31,30,4
seq-mthreaded/pals_floodmax.3.ufo.UNBOUNDED.pals.c,548,114,9,1885,62,1,34,29,4
seq-mthreaded/pals_floodmax.3_overflow.ufo.UNBOUNDED.pals.c,539,111,9,1885,62,1,31,29,4
seq-mthreaded/pals_floodmax.4.1.ufo.BOUNDED-8.pals.c,1179,252,10,3541,68,1,44,48,4
seq-mthreaded/pals_floodmax.4.1.ufo.UNBOUNDED.pals.c,1191,256,10,3545,68,1,48,47,4
seq-mthreaded/pals_floodmax.4.2.ufo.BOUNDED-8.pals.c,1227,264,10,3625,92,1,44,48,4
seq-mthreaded/pals_lcr.3.ufo.BOUNDED-6.pals.c,264,50,8,1041,40,1,18,19,4
seq-mthreaded/pals_lcr.3_overflow.ufo.UNBOUNDED.pals.c,268,51,9,1067,40,1,18,18,4
seq-mthreaded/pals_lcr.4.1.ufo.BOUNDED-8.pals.c,334,64,9,1324,54,1,23,26,4
seq-mthreaded/pals_lcr.4.1.ufo.UNBOUNDED.pals.c,339,66,10,1334,54,1,24,25,4
seq-mthreaded/pals_lcr.4.ufo.BOUNDED-8.pals.c,332,64,9,1320,54,1,23,26,4
seq-mthreaded/pals_lcr.4.ufo.UNBOUNDED.pals.c,337,66,10,1330,54,1,24,25,4
seq-mthreaded/pals_lcr.4_overflow.ufo.UNBOUNDED.pals.c,336,65,10,1346,54,1,23,25,4
seq-mthreaded/pals_lcr.5.1.ufo.BOUNDED-10.pals.c,409,80,11,1634,70,1,28,34,4
seq-mthreaded/pals_lcr.5.1.ufo.UNBOUNDED.pals.c,411,81,11,1630,70,1,29,33,4
seq-mthreaded/pals_lcr.5.ufo.BOUNDED-10.pals.c,407,80,11,1630,70,1,28,34,4
seq-mthreaded/pals_lcr.5.ufo.UNBOUNDED.pals.c,409,81,11,1626,70,1,29,33,4
seq-mthreaded/pals_lcr.5_overflow.ufo.UNBOUNDED.pals.c,408,80,11,1642,70,1,28,33,4
seq-mthreaded/pals_lcr.6.1.ufo.BOUNDED-12.pals.c,485,96,12,1947,88,1,33,43,4
seq-mthreaded/pals_lcr.6.1.ufo.UNBOUNDED.pals.c,487,97,12,1943,88,1,34,42,4
seq-mthreaded/pals_lcr.6.ufo.BOUNDED-12.pals.c,483,96,12,1943,88,1,33,43,4
seq-mthreaded/pals_lcr.6.ufo.UNBOUNDED.pals.c,485,97,12,1939,88,1,34,42,4
seq-mthreaded/pals_lcr.8.1.ufo.BOUNDED-16.pals.c,652,131,14,2652,130,1,43,64,4
seq-mthreaded/pals_lcr.8.1.ufo.UNBOUNDED.pals.c,654,132,14,2648,130,1,44,63,4
seq-mthreaded/pals_lcr.8_overflow.ufo.UNBOUNDED.pals.c,651,131,14,2660,130,1,43,63,4
seq-mthreaded/pals_lcr-var-start-time.3.ufo.UNBOUNDED.pals.c,298,66,9,1166,42,1,21,24,4
seq-mthreaded/pals_lcr-var-start-time.4.1.ufo.BOUNDED-8.pals.c,374,83,9,1481,56,1,26,34,4
seq-mthreaded/pals_lcr-var-start-time.4.2.ufo.BOUNDED-8.pals.c,369,80,9,1452,56,1,25,32,4
seq-mthreaded/pals_lcr-var-start-time.4.2.ufo.UNBOUNDED.pals.c,374,82,10,1462,56,1,26,31,4
seq-mthreaded/pals_lcr-var-start-time.4.ufo.BOUNDED-8.pals.c,372,83,9,1477,56,1,26,34,4
seq-mthreaded/pals_lcr-var-start-time.4.ufo.UNBOUNDED.pals.c,377,85,10,1487,56,1,27,33,4
seq-mthreaded/pals_lcr-var-start-time.5.2.ufo.BOUNDED-10.pals.c,455,101,11,1804,72,1,31,42,4
seq-mthreaded/pals_lcr-var-start-time.5.2.ufo.UNBOUNDED.pals.c,457,102,11,1800,72,1,32,41,4
seq-mthreaded/pals_lcr-var-start-time.5.ufo.BOUNDED-10.pals.c,458,104,11,1829,72,1,32,44,4
seq-mthreaded/pals_opt-floodmax.3.1.ufo.BOUNDED-6.pals.c,557,113,8,1966,54,1,31,30,4
seq-mthreaded/pals_opt-floodmax.3.3.ufo.BOUNDED-6.pals.c,584,120,9,2022,66,1,31,30,4
seq-mthreaded/pals_opt-floodmax.3.4.ufo.UNBOUNDED.pals.c,593,123,9,2026,66,1,34,29,4
seq-mthreaded/pals_opt-floodmax.3.ufo.BOUNDED-6.pals.c,584,120,9,2022,66,1,31,30,4
seq-mthreaded/pals_opt-floodmax.3.ufo.UNBOUNDED.pals.c,593,123,9,2026,66,1,34,29,4
seq-mthreaded/pals_opt-floodmax.3_overflow.ufo.UNBOUNDED.pals.c,584,120,9,2026,66,1,31,29,4
seq-mthreaded/pals_opt-floodmax.4.1.ufo.BOUNDED-8.pals.c,1251,268,10,3769,74,1,44,48,4
seq-mthreaded/pals_opt-floodmax.4.1.ufo.UNBOUNDED.pals.c,1263,272,10,3773,74,1,48,47,4
seq-mthreaded/pals_opt-floodmax.4.2.ufo.BOUNDED-8.pals.c,1299,280,10,3853,98,1,44,48,4
seq-mthreaded/pals_opt-floodmax.4.2.ufo.UNBOUNDED.pals.c,1311,284,10,3857,98,1,48,47,4
seq-mthreaded/pals_opt-floodmax.4.4.ufo.UNBOUNDED.pals.c,1311,284,10,3857,98,1,48,47,4
seq-mthreaded/pals_opt-floodmax.4.ufo.BOUNDED-8.pals.c,1299,280,10,3853,98,1,44,48,4
seq-mthreaded/pals_opt-floodmax.4.ufo.UNBOUNDED.pals.c,1314,285,10,3865,98,1,49,47,4
seq-mthreaded/pals_opt-floodmax.4_overflow.ufo.UNBOUNDED.pals.c,1299,280,10,3857,98,1,44,47,4
seq-mthreaded/pals_opt-floodmax.5.1.ufo.BOUNDED-10.pals.c,2840,633,11,7255,96,1,59,71,4
seq-mthreaded/pals_opt-floodmax.5.1.ufo.UNBOUNDED.pals.c,2855,638,11,7259,96,1,64,70,4
seq-mthreaded/pals_opt-floodmax.5.2.ufo.BOUNDED-10.pals.c,2920,653,11,7395,136,1,59,71,4
seq-mthreaded/pals_opt-floodmax.5.4.ufo.BOUNDED-10.pals.c,2920,653,11,7395,136,1,59,71,4
seq-mthreaded/pals_opt-floodmax.5.ufo.BOUNDED-10.pals.c,2920,653,11,7395,136,1,59,71,4
seq-mthreaded/pals_opt-floodmax.5.ufo.UNBOUNDED.pals.c,2935,658,11,7399,136,1,64,70,4
seq-mthreaded/pals_opt-floodmax.5_overflow.ufo.UNBOUNDED.pals.c,2920,653,11,7399,136,1,59,70,4
seq-pthread/cs_lazy.i,786,94,25,3709,13,2,24,41,3
seq-pthread/cs_stateful-1.i,793,96,24,3748,13,2,25,43,3
systemc/token_ring.04.cil-2.c,746,118,26,1628,17,1,67,5,7
systemc/token_ring.06.cil-1.c,964,154,30,2100,20,1,93,5,7
xcsp/AllInterval-005.c,86,8,3,442,8,0,4,38,3
xcsp/AllInterval-006.c,106,9,3,556,8,0,5,52,3
xcsp/AllInterval-008.c,152,11,3,820,8,0,7,86,3
xcsp/AllInterval-009.c,178,12,3,970,8,0,8,106,3
xcsp/AllInterval-010.c,206,13,3,1132,8,0,9,128,3
xcsp/AllInterval-011.c,236,14,3,1306,8,0,10,152,3
xcsp/AllInterval-012.c,268,15,3,1492,8,0,11,178,3
xcsp/AllInterval-014.c,338,17,3,1900,8,0,13,236,3
xcsp/AllInterval-015.c,376,18,3,2122,8,0,14,268,3
xcsp/AllInterval-016.c,416,19,3,2356,8,0,15,302,3
xcsp/AllInterval-017.c,458,20,3,2602,8,0,16,338,3
xcsp/AllInterval-018.c,502,21,3,2860,8,0,17,376,3
xcsp/AllInterval-019.c,548,22,3,3130,8,0,18,416,3
xcsp/AllInterval-020.c,596,23,3,3412,8,0,19,458,3
