program_name,configuration,branch_coverage,error_cover
seq-mthreaded/pals_opt-floodmax.5_overflow.ufo.UNBOUNDED.pals.c,laf,5.51,UNKNOWN
seq-mthreaded/pals_opt-floodmax.5_overflow.ufo.UNBOUNDED.pals.c,cmp_laf,5.6,UNKNOWN
seq-mthreaded/pals_opt-floodmax.5_overflow.ufo.UNBOUNDED.pals.c,cmp,5.77,UNKNOWN
seq-mthreaded/pals_opt-floodmax.5.ufo.BOUNDED-10.pals.c,laf,6.02,UNKNOWN
seq-mthreaded/pals_opt-floodmax.5.1.ufo.UNBOUNDED.pals.c,cmp,6.27,UNKNOWN
seq-mthreaded/pals_opt-floodmax.5.1.ufo.UNBOUNDED.pals.c,nil,6.35,UNKNOWN
seq-mthreaded/pals_opt-floodmax.5.1.ufo.UNBOUNDED.pals.c,cmp_laf,6.35,UNKNOWN
seq-mthreaded/pals_opt-floodmax.5.2.ufo.BOUNDED-10.pals.c,cmp_laf,6.36,UNKNOWN
seq-mthreaded/pals_opt-floodmax.5.1.ufo.UNBOUNDED.pals.c,laf,6.44,UNKNOWN
seq-mthreaded/pals_opt-floodmax.5.4.ufo.BOUNDED-10.pals.c,laf,6.61,UNKNOWN
seq-mthreaded/pals_opt-floodmax.5.4.ufo.BOUNDED-10.pals.c,cmp_laf,6.61,UNKNOWN
seq-mthreaded/pals_opt-floodmax.5_overflow.ufo.UNBOUNDED.pals.c,nil,6.62,UNKNOWN
seq-mthreaded/pals_opt-floodmax.5.ufo.UNBOUNDED.pals.c,cmp_laf,6.73,UNKNOWN
seq-mthreaded/pals_opt-floodmax.5.ufo.UNBOUNDED.pals.c,laf,6.81,UNKNOWN
seq-mthreaded/pals_opt-floodmax.5.2.ufo.BOUNDED-10.pals.c,cmp,6.86,UNKNOWN
seq-mthreaded/pals_opt-floodmax.5.4.ufo.BOUNDED-10.pals.c,nil,6.86,UNKNOWN
seq-mthreaded/pals_opt-floodmax.5.ufo.UNBOUNDED.pals.c,cmp,6.9,UNKNOWN
seq-mthreaded/pals_opt-floodmax.5.ufo.UNBOUNDED.pals.c,nil,6.9,UNKNOWN
seq-mthreaded/pals_opt-floodmax.5.4.ufo.BOUNDED-10.pals.c,cmp,6.95,UNKNOWN
seq-mthreaded/pals_opt-floodmax.5.ufo.BOUNDED-10.pals.c,nil,6.95,UNKNOWN
seq-mthreaded/pals_opt-floodmax.5.2.ufo.BOUNDED-10.pals.c,nil,7.03,UNKNOWN
seq-mthreaded/pals_opt-floodmax.5.1.ufo.BOUNDED-10.pals.c,nil,7.11,UNKNOWN
seq-mthreaded/pals_opt-floodmax.5.1.ufo.BOUNDED-10.pals.c,laf,7.11,UNKNOWN
seq-mthreaded/pals_opt-floodmax.5.1.ufo.BOUNDED-10.pals.c,cmp_laf,7.11,UNKNOWN
seq-mthreaded/pals_opt-floodmax.5.2.ufo.BOUNDED-10.pals.c,laf,7.12,UNKNOWN
seq-mthreaded/pals_opt-floodmax.5.ufo.BOUNDED-10.pals.c,cmp_laf,7.12,UNKNOWN
seq-mthreaded/pals_opt-floodmax.5.ufo.BOUNDED-10.pals.c,cmp,7.2,UNKNOWN
seq-mthreaded/pals_opt-floodmax.5.1.ufo.BOUNDED-10.pals.c,cmp,7.28,UNKNOWN
