File,Number of lines,Number of functions,Cyclomatic complexity,Total edges in AST,Height of AST,Maximum nested loop depth,Number of equality constraints,Number of inequality constraints,Call stack depth
/mnt/e/OneDrive/Desktop/result/extract_features/cfiles32/array-lopstr16/break-1.i,38,3,6,194,12,1,0,5,3
/mnt/e/OneDrive/Desktop/result/extract_features/cfiles32/array-tiling/mlceu.c,49,4,7,196,11,1,1,5,4
/mnt/e/OneDrive/Desktop/result/extract_features/cfiles32/array-tiling/skipped.c,57,4,10,265,14,1,1,9,4
/mnt/e/OneDrive/Desktop/result/extract_features/cfiles32/array-tiling/skippedu.c,57,4,10,257,14,1,1,9,4
/mnt/e/OneDrive/Desktop/result/extract_features/cfiles32/array-tiling/tcpy.c,53,4,8,246,13,1,2,6,4
/mnt/e/OneDrive/Desktop/result/extract_features/cfiles32/bitvector/gcd_1.c,49,4,6,165,9,1,2,4,4
/mnt/e/OneDrive/Desktop/result/extract_features/cfiles32/bitvector/num_conversion_2.c,41,3,4,149,11,1,1,2,4
/mnt/e/OneDrive/Desktop/result/extract_features/cfiles32/bitvector/s3_srvr_2a_alt.BV.c.cil.c,698,3,101,1523,96,1,45,28,4
/mnt/e/OneDrive/Desktop/result/extract_features/cfiles32/bitvector/s3_srvr_2_alt.BV.c.cil.c,697,3,101,1511,96,1,45,28,4
/mnt/e/OneDrive/Desktop/result/extract_features/cfiles32/bitvector/s3_srvr_3.BV.c.cil.c,695,3,101,1486,96,1,45,27,4
/mnt/e/OneDrive/Desktop/result/extract_features/cfiles32/bitvector/s3_srvr_3a.BV.c.cil.c,696,3,101,1494,96,1,45,27,4
/mnt/e/OneDrive/Desktop/result/extract_features/cfiles32/bitvector/s3_srvr_3a_alt.BV.c.cil.c,697,3,101,1498,96,1,45,27,4
/mnt/e/OneDrive/Desktop/result/extract_features/cfiles32/bitvector/s3_srvr_3_alt.BV.c.cil.c,696,3,101,1490,96,1,45,27,4
/mnt/e/OneDrive/Desktop/result/extract_features/cfiles32/bitvector/soft_float_1-1.c.cil.c,355,6,40,1032,16,1,6,30,5
/mnt/e/OneDrive/Desktop/result/extract_features/cfiles32/bitvector/soft_float_1-2.c.cil.c,360,7,41,1065,16,1,6,31,5
/mnt/e/OneDrive/Desktop/result/extract_features/cfiles32/bitvector/soft_float_1-2a.c.cil.c,357,6,41,1051,16,1,6,31,5
/mnt/e/OneDrive/Desktop/result/extract_features/cfiles32/bitvector/soft_float_4-1.c.cil.c,262,6,24,824,13,1,3,16,5
/mnt/e/OneDrive/Desktop/result/extract_features/cfiles32/bitvector/soft_float_4-2.c.cil.c,267,7,25,857,13,1,3,17,5
/mnt/e/OneDrive/Desktop/result/extract_features/cfiles32/bitvector/soft_float_5.c.cil.c,276,6,27,837,13,1,4,17,4
/mnt/e/OneDrive/Desktop/result/extract_features/cfiles32/bitvector/soft_float_5a.c.cil.c,276,6,27,837,13,1,4,17,4
/mnt/e/OneDrive/Desktop/result/extract_features/cfiles32/combinations/gcd_1+newton_1_2.i,112,9,9,441,13,1,2,7,5
/mnt/e/OneDrive/Desktop/result/extract_features/cfiles32/combinations/gcd_1+newton_1_3.i,112,9,9,441,13,1,2,7,5
/mnt/e/OneDrive/Desktop/result/extract_features/cfiles32/combinations/gcd_1+newton_1_4.i,112,9,9,441,13,1,2,7,5
/mnt/e/OneDrive/Desktop/result/extract_features/cfiles32/combinations/pals_lcr.3.1.ufo.BOUNDED-6.pals+Problem12_label01.c,5130,14,785,46999,232,1,3813,2883,6
/mnt/e/OneDrive/Desktop/result/extract_features/cfiles32/combinations/pals_lcr.3.ufo.BOUNDED-6.pals+Problem12_label01.c,5128,14,785,46995,232,1,3813,2883,6
/mnt/e/OneDrive/Desktop/result/extract_features/cfiles32/combinations/pals_lcr.3.ufo.UNBOUNDED.pals+Problem12_label06.c,5133,15,786,47005,232,1,3814,2882,6
/mnt/e/OneDrive/Desktop/result/extract_features/cfiles32/combinations/pals_lcr.3.ufo.UNBOUNDED.pals+Problem12_label07.c,5133,15,786,47005,232,1,3814,2882,6
/mnt/e/OneDrive/Desktop/result/extract_features/cfiles32/combinations/pals_lcr.3.ufo.UNBOUNDED.pals+Problem12_label08.c,5133,15,786,47005,232,1,3814,2882,6
/mnt/e/OneDrive/Desktop/result/extract_features/cfiles32/combinations/pals_lcr.6.1.ufo.BOUNDED-12.pals+Problem12_label01.c,5352,18,821,47901,232,1,3828,2907,6
/mnt/e/OneDrive/Desktop/result/extract_features/cfiles32/combinations/pals_lcr.6.1.ufo.UNBOUNDED.pals+Problem12_label01.c,5354,18,822,47897,232,1,3829,2906,6
/mnt/e/OneDrive/Desktop/result/extract_features/cfiles32/combinations/pals_lcr.6.1.ufo.UNBOUNDED.pals+Problem12_label02.c,5354,18,822,47897,232,1,3829,2906,6
/mnt/e/OneDrive/Desktop/result/extract_features/cfiles32/combinations/pals_lcr.6.1.ufo.UNBOUNDED.pals+Problem12_label04.c,5354,18,822,47897,232,1,3829,2906,6
/mnt/e/OneDrive/Desktop/result/extract_features/cfiles32/combinations/pals_lcr.6.ufo.BOUNDED-12.pals+Problem12_label07.c,5350,18,821,47897,232,1,3828,2907,6
/mnt/e/OneDrive/Desktop/result/extract_features/cfiles32/combinations/pals_lcr.6.ufo.BOUNDED-12.pals+Problem12_label08.c,5350,18,821,47897,232,1,3828,2907,6
/mnt/e/OneDrive/Desktop/result/extract_features/cfiles32/combinations/pals_lcr.6.ufo.BOUNDED-12.pals+Problem12_label09.c,5350,18,821,47897,232,1,3828,2907,6
/mnt/e/OneDrive/Desktop/result/extract_features/cfiles32/combinations/pals_lcr.6_overflow.ufo.UNBOUNDED.pals+Problem12_label04.c,5351,18,821,47909,232,1,3828,2906,6
/mnt/e/OneDrive/Desktop/result/extract_features/cfiles32/combinations/pals_lcr.6_overflow.ufo.UNBOUNDED.pals+Problem12_label05.c,5351,18,821,47909,232,1,3828,2906,6
/mnt/e/OneDrive/Desktop/result/extract_features/cfiles32/combinations/pals_lcr.6_overflow.ufo.UNBOUNDED.pals+Problem12_label09.c,5351,18,821,47909,232,1,3828,2906,6
/mnt/e/OneDrive/Desktop/result/extract_features/cfiles32/combinations/pals_lcr.7.1.ufo.BOUNDED-14.pals+Problem12_label01.c,5433,19,835,48231,232,1,3833,2917,6
/mnt/e/OneDrive/Desktop/result/extract_features/cfiles32/combinations/pals_lcr.7.1.ufo.BOUNDED-14.pals+Problem12_label02.c,5433,19,835,48231,232,1,3833,2917,6
/mnt/e/OneDrive/Desktop/result/extract_features/cfiles32/combinations/pals_lcr.7.1.ufo.BOUNDED-14.pals+Problem12_label04.c,5433,19,835,48231,232,1,3833,2917,6
/mnt/e/OneDrive/Desktop/result/extract_features/cfiles32/combinations/pals_lcr.7.1.ufo.BOUNDED-14.pals+Problem12_label05.c,5433,19,835,48231,232,1,3833,2917,6
/mnt/e/OneDrive/Desktop/result/extract_features/cfiles32/combinations/pals_lcr.7.1.ufo.BOUNDED-14.pals+Problem12_label09.c,5433,19,835,48231,232,1,3833,2917,6
/mnt/e/OneDrive/Desktop/result/extract_features/cfiles32/combinations/pals_lcr.7.1.ufo.UNBOUNDED.pals+Problem12_label02.c,5435,19,836,48227,232,1,3834,2916,6
/mnt/e/OneDrive/Desktop/result/extract_features/cfiles32/combinations/pals_lcr.7.1.ufo.UNBOUNDED.pals+Problem12_label04.c,5435,19,836,48227,232,1,3834,2916,6
/mnt/e/OneDrive/Desktop/result/extract_features/cfiles32/combinations/pals_lcr.7.1.ufo.UNBOUNDED.pals+Problem12_label05.c,5435,19,836,48227,232,1,3834,2916,6
/mnt/e/OneDrive/Desktop/result/extract_features/cfiles32/combinations/pals_lcr.7.1.ufo.UNBOUNDED.pals+Problem12_label09.c,5435,19,836,48227,232,1,3834,2916,6
/mnt/e/OneDrive/Desktop/result/extract_features/cfiles32/combinations/pals_lcr.7.ufo.BOUNDED-14.pals+Problem12_label00.c,5431,19,835,48227,232,1,3833,2917,6
/mnt/e/OneDrive/Desktop/result/extract_features/cfiles32/combinations/pals_lcr.7.ufo.BOUNDED-14.pals+Problem12_label01.c,5431,19,835,48227,232,1,3833,2917,6
/mnt/e/OneDrive/Desktop/result/extract_features/cfiles32/combinations/pals_lcr.7.ufo.BOUNDED-14.pals+Problem12_label02.c,5431,19,835,48227,232,1,3833,2917,6
/mnt/e/OneDrive/Desktop/result/extract_features/cfiles32/combinations/pals_lcr.7.ufo.BOUNDED-14.pals+Problem12_label03.c,5431,19,835,48227,232,1,3833,2917,6
/mnt/e/OneDrive/Desktop/result/extract_features/cfiles32/combinations/Problem05_label43+token_ring.13.cil-1.c,13154,54,2137,103932,234,1,17808,11,12
/mnt/e/OneDrive/Desktop/result/extract_features/cfiles32/combinations/Problem05_label45+token_ring.09.cil-1.c,12642,46,2068,102956,234,1,17755,7,12
/mnt/e/OneDrive/Desktop/result/extract_features/cfiles32/combinations/Problem05_label49+token_ring.02.cil-2.c,11779,32,1961,101336,234,1,17665,11,12
/mnt/e/OneDrive/Desktop/result/extract_features/cfiles32/combinations/Problem05_label49+token_ring.06.cil-1.c,12279,40,2025,102280,234,1,17717,11,12
/mnt/e/OneDrive/Desktop/result/extract_features/cfiles32/combinations/Problem05_label49+token_ring.07.cil-1.c,12392,42,2036,102484,234,1,17729,7,12
/mnt/e/OneDrive/Desktop/result/extract_features/cfiles32/combinations/Problem05_label49+token_ring.10.cil-2.c,12767,48,2084,103192,234,1,17768,7,12
