program_name,line_coverage,line_covered,total_lines,function_coverage,function_covered,total_functions,branch_coverage,time_difference,num_queue_files,num_crash_files,program_name,branch_coverage,time_difference,program_name,branch_coverage,time_difference,program_name,branch_coverage,time_difference,program_name,branch_coverage,time_difference,program_name,branch_coverage,time_difference,program_name,branch_coverage,time_difference,program_name,branch_coverage,time_difference,program_name,branch_coverage,time_difference,program_name,branch_coverage,time_difference,program_name,branch_coverage,time_difference,program_name,branch_coverage,time_difference,program_name,branch_coverage,time_difference,program_name,branch_coverage,time_difference,program_name,branch_coverage,time_difference,program_name,branch_coverage,time_difference
float-benchs/sqrt_biNewton_pseudoconstant.c,0,0,0,0,0,0,20.00%,-1,1,-1,float-benchs/sqrt_biNewton_pseudoconstant.c,20.00%,-1,float-benchs/sqrt_biNewton_pseudoconstant.c,20.00%,-1,float-benchs/sqrt_biNewton_pseudoconstant.c,20.00%,-1,float-benchs/sqrt_biNewton_pseudoconstant.c,20.00%,-1,float-benchs/sqrt_biNewton_pseudoconstant.c,20.00%,-1,float-benchs/sqrt_biNewton_pseudoconstant.c,20.00%,-1,float-benchs/sqrt_biNewton_pseudoconstant.c,20.00%,-1,float-benchs/sqrt_biNewton_pseudoconstant.c,20.00%,-1,float-benchs/sqrt_biNewton_pseudoconstant.c,20.00%,-1,float-benchs/sqrt_biNewton_pseudoconstant.c,20.00%,-1,float-benchs/sqrt_biNewton_pseudoconstant.c,80.00%,-1,float-benchs/sqrt_biNewton_pseudoconstant.c,20.00%,-1,float-benchs/sqrt_biNewton_pseudoconstant.c,0,-1,float-benchs/sqrt_biNewton_pseudoconstant.c,20.00%,-1,float-benchs/sqrt_biNewton_pseudoconstant.c,20.00%,-1
float-newlib/double_req_bl_0660b.c,19,24,126,40,2,5,12.68%,-1,2,-1,float-newlib/double_req_bl_0660b.c,12.68%,-1,float-newlib/double_req_bl_0660b.c,12.68%,-1,float-newlib/double_req_bl_0660b.c,1.41%,-1,float-newlib/double_req_bl_0660b.c,12.68%,-1,float-newlib/double_req_bl_0660b.c,12.68%,-1,float-newlib/double_req_bl_0660b.c,12.68%,-1,float-newlib/double_req_bl_0660b.c,12.68%,-1,float-newlib/double_req_bl_0660b.c,12.68%,-1,float-newlib/double_req_bl_0660b.c,12.68%,-1,float-newlib/double_req_bl_0660b.c,12.68%,-1,float-newlib/double_req_bl_0660b.c,12.68%,-1,float-newlib/double_req_bl_0660b.c,12.68%,-1,float-newlib/double_req_bl_0660b.c,0,-1,float-newlib/double_req_bl_0660b.c,1.41%,-1,float-newlib/double_req_bl_0660b.c,12.68%,-1
float-newlib/double_req_bl_0876.c,10.7,37,347,44.4,4,9,8.20%,-1,2,-1,float-newlib/double_req_bl_0876.c,8.20%,-1,float-newlib/double_req_bl_0876.c,8.20%,-1,float-newlib/double_req_bl_0876.c,8.20%,-1,float-newlib/double_req_bl_0876.c,8.20%,-1,float-newlib/double_req_bl_0876.c,8.20%,-1,float-newlib/double_req_bl_0876.c,8.20%,-1,float-newlib/double_req_bl_0876.c,8.20%,-1,float-newlib/double_req_bl_0876.c,8.20%,-1,float-newlib/double_req_bl_0876.c,8.20%,-1,float-newlib/double_req_bl_0876.c,8.20%,-1,float-newlib/double_req_bl_0876.c,8.20%,-1,float-newlib/double_req_bl_0876.c,8.20%,-1,float-newlib/double_req_bl_0876.c,0,-1,float-newlib/double_req_bl_0876.c,8.20%,-1,float-newlib/double_req_bl_0876.c,8.20%,-1
float-newlib/float_req_bl_0660a.c,17.6,21,119,40,2,5,1.43%,-1,2,-1,float-newlib/float_req_bl_0660a.c,1.43%,-1,float-newlib/float_req_bl_0660a.c,12.86%,-1,float-newlib/float_req_bl_0660a.c,12.86%,-1,float-newlib/float_req_bl_0660a.c,12.86%,-1,float-newlib/float_req_bl_0660a.c,12.86%,-1,float-newlib/float_req_bl_0660a.c,12.86%,-1,float-newlib/float_req_bl_0660a.c,12.86%,-1,float-newlib/float_req_bl_0660a.c,1.43%,-1,float-newlib/float_req_bl_0660a.c,1.43%,-1,float-newlib/float_req_bl_0660a.c,12.86%,-1,float-newlib/float_req_bl_0660a.c,1.43%,-1,float-newlib/float_req_bl_0660a.c,1.43%,-1,float-newlib/float_req_bl_0660a.c,0,-1,float-newlib/float_req_bl_0660a.c,12.86%,-1,float-newlib/float_req_bl_0660a.c,12.86%,-1
float-newlib/float_req_bl_0661b.c,17.6,21,119,40,2,5,14.29%,-1,2,-1,float-newlib/float_req_bl_0661b.c,1.43%,-1,float-newlib/float_req_bl_0661b.c,1.43%,-1,float-newlib/float_req_bl_0661b.c,1.43%,-1,float-newlib/float_req_bl_0661b.c,1.43%,-1,float-newlib/float_req_bl_0661b.c,1.43%,-1,float-newlib/float_req_bl_0661b.c,1.43%,-1,float-newlib/float_req_bl_0661b.c,14.29%,-1,float-newlib/float_req_bl_0661b.c,14.29%,-1,float-newlib/float_req_bl_0661b.c,1.43%,-1,float-newlib/float_req_bl_0661b.c,14.29%,-1,float-newlib/float_req_bl_0661b.c,1.43%,-1,float-newlib/float_req_bl_0661b.c,1.43%,-1,float-newlib/float_req_bl_0661b.c,0,-1,float-newlib/float_req_bl_0661b.c,1.43%,-1,float-newlib/float_req_bl_0661b.c,14.29%,-1
floats-esbmc-regression/digits_for.c,90,9,10,66.7,2,3,75.00%,-1,1,-1,floats-esbmc-regression/digits_for.c,75.00%,-1,floats-esbmc-regression/digits_for.c,75.00%,-1,floats-esbmc-regression/digits_for.c,75.00%,-1,floats-esbmc-regression/digits_for.c,75.00%,-1,floats-esbmc-regression/digits_for.c,75.00%,-1,floats-esbmc-regression/digits_for.c,75.00%,-1,floats-esbmc-regression/digits_for.c,75.00%,-1,floats-esbmc-regression/digits_for.c,75.00%,-1,floats-esbmc-regression/digits_for.c,75.00%,-1,floats-esbmc-regression/digits_for.c,75.00%,-1,floats-esbmc-regression/digits_for.c,75.00%,-1,floats-esbmc-regression/digits_for.c,75.00%,-1,floats-esbmc-regression/digits_for.c,0,-1,floats-esbmc-regression/digits_for.c,75.00%,-1,floats-esbmc-regression/digits_for.c,75.00%,-1
floats-esbmc-regression/Double_div.i.p+cfa-reducer.c,80,12,15,50,1,2,75.00%,-1,1,-1,floats-esbmc-regression/Double_div.i.p+cfa-reducer.c,75.00%,-1,floats-esbmc-regression/Double_div.i.p+cfa-reducer.c,75.00%,-1,floats-esbmc-regression/Double_div.i.p+cfa-reducer.c,75.00%,-1,floats-esbmc-regression/Double_div.i.p+cfa-reducer.c,75.00%,-1,floats-esbmc-regression/Double_div.i.p+cfa-reducer.c,75.00%,-1,floats-esbmc-regression/Double_div.i.p+cfa-reducer.c,75.00%,-1,floats-esbmc-regression/Double_div.i.p+cfa-reducer.c,75.00%,-1,floats-esbmc-regression/Double_div.i.p+cfa-reducer.c,75.00%,-1,floats-esbmc-regression/Double_div.i.p+cfa-reducer.c,75.00%,-1,floats-esbmc-regression/Double_div.i.p+cfa-reducer.c,75.00%,-1,floats-esbmc-regression/Double_div.i.p+cfa-reducer.c,75.00%,-1,floats-esbmc-regression/Double_div.i.p+cfa-reducer.c,75.00%,-1,floats-esbmc-regression/Double_div.i.p+cfa-reducer.c,0,-1,floats-esbmc-regression/Double_div.i.p+cfa-reducer.c,75.00%,-1,floats-esbmc-regression/Double_div.i.p+cfa-reducer.c,75.00%,-1
ldv-regression/test02.c,0,0,0,0,0,0,50.00%,-1,1,-1,ldv-regression/test02.c,50.00%,-1,ldv-regression/test02.c,50.00%,-1,ldv-regression/test02.c,50.00%,-1,ldv-regression/test02.c,50.00%,-1,ldv-regression/test02.c,50.00%,-1,ldv-regression/test02.c,50.00%,-1,ldv-regression/test02.c,50.00%,-1,ldv-regression/test02.c,50.00%,-1,ldv-regression/test02.c,50.00%,-1,ldv-regression/test02.c,50.00%,-1,ldv-regression/test02.c,50.00%,-1,ldv-regression/test02.c,50.00%,-1,ldv-regression/test02.c,0,-1,ldv-regression/test02.c,50.00%,-1,ldv-regression/test02.c,50.00%,-1
ldv-regression/test10.c,87.5,21,24,66.7,2,3,50.00%,-1,1,-1,ldv-regression/test10.c,50.00%,-1,ldv-regression/test10.c,50.00%,-1,ldv-regression/test10.c,50.00%,-1,ldv-regression/test10.c,50.00%,-1,ldv-regression/test10.c,50.00%,-1,ldv-regression/test10.c,50.00%,-1,ldv-regression/test10.c,50.00%,-1,ldv-regression/test10.c,50.00%,-1,ldv-regression/test10.c,50.00%,-1,ldv-regression/test10.c,50.00%,-1,ldv-regression/test10.c,50.00%,-1,ldv-regression/test10.c,50.00%,-1,ldv-regression/test10.c,0,-1,ldv-regression/test10.c,50.00%,-1,ldv-regression/test10.c,50.00%,-1
ldv-regression/test22-2.c,87.5,21,24,80,4,5,87.50%,0.207999945,5,2,ldv-regression/test22-2.c,87.50%,0.192000151,ldv-regression/test22-2.c,75.00%,0.299999952,ldv-regression/test22-2.c,87.50%,0.360000134,ldv-regression/test22-2.c,75.00%,0.231999874,ldv-regression/test22-2.c,87.50%,0.223999977,ldv-regression/test22-2.c,75.00%,0.107999802,ldv-regression/test22-2.c,87.50%,0.228000164,ldv-regression/test22-2.c,75.00%,0.231999874,ldv-regression/test22-2.c,87.50%,0.335999966,ldv-regression/test22-2.c,87.50%,0.164000034,ldv-regression/test22-2.c,87.50%,0.252000093,ldv-regression/test22-2.c,87.50%,0.244000196,ldv-regression/test22-2.c,0,0.180000067,ldv-regression/test22-2.c,87.50%,0.296000004,ldv-regression/test22-2.c,75.00%,0.187999964
ldv-regression/test_union.c_1.i,50,3,6,33.3,1,3,50.00%,-1,1,-1,ldv-regression/test_union.c_1.i,50.00%,-1,ldv-regression/test_union.c_1.i,50.00%,-1,ldv-regression/test_union.c_1.i,50.00%,-1,ldv-regression/test_union.c_1.i,50.00%,-1,ldv-regression/test_union.c_1.i,50.00%,-1,ldv-regression/test_union.c_1.i,50.00%,-1,ldv-regression/test_union.c_1.i,50.00%,-1,ldv-regression/test_union.c_1.i,50.00%,-1,ldv-regression/test_union.c_1.i,50.00%,-1,ldv-regression/test_union.c_1.i,50.00%,-1,ldv-regression/test_union.c_1.i,50.00%,-1,ldv-regression/test_union.c_1.i,50.00%,-1,ldv-regression/test_union.c_1.i,0,-1,ldv-regression/test_union.c_1.i,50.00%,-1,ldv-regression/test_union.c_1.i,50.00%,-1
locks/test_locks_10.c,0,0,0,0,0,0,50.79%,-1,1,-1,locks/test_locks_10.c,50.79%,-1,locks/test_locks_10.c,50.79%,-1,locks/test_locks_10.c,50.79%,-1,locks/test_locks_10.c,50.79%,-1,locks/test_locks_10.c,50.79%,-1,locks/test_locks_10.c,50.79%,-1,locks/test_locks_10.c,50.79%,-1,locks/test_locks_10.c,50.79%,-1,locks/test_locks_10.c,50.79%,-1,locks/test_locks_10.c,50.79%,-1,locks/test_locks_10.c,50.79%,-1,locks/test_locks_10.c,50.79%,-1,locks/test_locks_10.c,0,-1,locks/test_locks_10.c,50.79%,-1,locks/test_locks_10.c,50.79%,-1
locks/test_locks_12.c,0,0,0,0,0,0,50.67%,-1,1,-1,locks/test_locks_12.c,50.67%,-1,locks/test_locks_12.c,50.67%,-1,locks/test_locks_12.c,50.67%,-1,locks/test_locks_12.c,50.67%,-1,locks/test_locks_12.c,50.67%,-1,locks/test_locks_12.c,50.67%,-1,locks/test_locks_12.c,50.67%,-1,locks/test_locks_12.c,50.67%,-1,locks/test_locks_12.c,50.67%,-1,locks/test_locks_12.c,50.67%,-1,locks/test_locks_12.c,50.67%,-1,locks/test_locks_12.c,50.67%,-1,locks/test_locks_12.c,0,-1,locks/test_locks_12.c,50.67%,-1,locks/test_locks_12.c,50.67%,-1
locks/test_locks_13.c,0,0,0,0,0,0,50.62%,-1,1,-1,locks/test_locks_13.c,50.62%,-1,locks/test_locks_13.c,50.62%,-1,locks/test_locks_13.c,50.62%,-1,locks/test_locks_13.c,50.62%,-1,locks/test_locks_13.c,50.62%,-1,locks/test_locks_13.c,50.62%,-1,locks/test_locks_13.c,50.62%,-1,locks/test_locks_13.c,50.62%,-1,locks/test_locks_13.c,50.62%,-1,locks/test_locks_13.c,50.62%,-1,locks/test_locks_13.c,50.62%,-1,locks/test_locks_13.c,50.62%,-1,locks/test_locks_13.c,0,-1,locks/test_locks_13.c,50.62%,-1,locks/test_locks_13.c,50.62%,-1
locks/test_locks_14-1.c,0,0,0,0,0,0,50.57%,-1,1,-1,locks/test_locks_14-1.c,50.57%,-1,locks/test_locks_14-1.c,50.57%,-1,locks/test_locks_14-1.c,50.57%,-1,locks/test_locks_14-1.c,50.57%,-1,locks/test_locks_14-1.c,50.57%,-1,locks/test_locks_14-1.c,50.57%,-1,locks/test_locks_14-1.c,50.57%,-1,locks/test_locks_14-1.c,50.57%,-1,locks/test_locks_14-1.c,50.57%,-1,locks/test_locks_14-1.c,50.57%,-1,locks/test_locks_14-1.c,50.57%,-1,locks/test_locks_14-1.c,50.57%,-1,locks/test_locks_14-1.c,0,-1,locks/test_locks_14-1.c,50.57%,-1,locks/test_locks_14-1.c,50.57%,-1
loop-acceleration/array_1-2.c,77.8,7,9,66.7,2,3,75.00%,-1,1,-1,loop-acceleration/array_1-2.c,75.00%,-1,loop-acceleration/array_1-2.c,75.00%,-1,loop-acceleration/array_1-2.c,75.00%,-1,loop-acceleration/array_1-2.c,75.00%,-1,loop-acceleration/array_1-2.c,75.00%,-1,loop-acceleration/array_1-2.c,75.00%,-1,loop-acceleration/array_1-2.c,75.00%,-1,loop-acceleration/array_1-2.c,75.00%,-1,loop-acceleration/array_1-2.c,75.00%,-1,loop-acceleration/array_1-2.c,75.00%,-1,loop-acceleration/array_1-2.c,75.00%,-1,loop-acceleration/array_1-2.c,75.00%,-1,loop-acceleration/array_1-2.c,0,-1,loop-acceleration/array_1-2.c,75.00%,-1,loop-acceleration/array_1-2.c,75.00%,-1
loop-acceleration/diamond_1-2.c,0,0,0,0,0,0,66.67%,-1,1,-1,loop-acceleration/diamond_1-2.c,66.67%,-1,loop-acceleration/diamond_1-2.c,66.67%,-1,loop-acceleration/diamond_1-2.c,66.67%,-1,loop-acceleration/diamond_1-2.c,66.67%,-1,loop-acceleration/diamond_1-2.c,66.67%,-1,loop-acceleration/diamond_1-2.c,66.67%,-1,loop-acceleration/diamond_1-2.c,66.67%,-1,loop-acceleration/diamond_1-2.c,66.67%,-1,loop-acceleration/diamond_1-2.c,66.67%,-1,loop-acceleration/diamond_1-2.c,66.67%,-1,loop-acceleration/diamond_1-2.c,66.67%,-1,loop-acceleration/diamond_1-2.c,66.67%,-1,loop-acceleration/diamond_1-2.c,0,-1,loop-acceleration/diamond_1-2.c,66.67%,-1,loop-acceleration/diamond_1-2.c,66.67%,-1
loop-acceleration/simple_1-2_abstracted.c,84.6,11,13,66.7,2,3,50.00%,-1,1,-1,loop-acceleration/simple_1-2_abstracted.c,50.00%,-1,loop-acceleration/simple_1-2_abstracted.c,50.00%,-1,loop-acceleration/simple_1-2_abstracted.c,50.00%,-1,loop-acceleration/simple_1-2_abstracted.c,50.00%,-1,loop-acceleration/simple_1-2_abstracted.c,50.00%,-1,loop-acceleration/simple_1-2_abstracted.c,50.00%,-1,loop-acceleration/simple_1-2_abstracted.c,50.00%,-1,loop-acceleration/simple_1-2_abstracted.c,50.00%,-1,loop-acceleration/simple_1-2_abstracted.c,50.00%,-1,loop-acceleration/simple_1-2_abstracted.c,50.00%,-1,loop-acceleration/simple_1-2_abstracted.c,50.00%,-1,loop-acceleration/simple_1-2_abstracted.c,50.00%,-1,loop-acceleration/simple_1-2_abstracted.c,0,-1,loop-acceleration/simple_1-2_abstracted.c,50.00%,-1,loop-acceleration/simple_1-2_abstracted.c,50.00%,-1
loop-acceleration/simple_4-1.c,0,0,0,0,0,0,75.00%,-1,1,-1,loop-acceleration/simple_4-1.c,75.00%,-1,loop-acceleration/simple_4-1.c,75.00%,-1,loop-acceleration/simple_4-1.c,75.00%,-1,loop-acceleration/simple_4-1.c,75.00%,-1,loop-acceleration/simple_4-1.c,75.00%,-1,loop-acceleration/simple_4-1.c,75.00%,-1,loop-acceleration/simple_4-1.c,75.00%,-1,loop-acceleration/simple_4-1.c,75.00%,-1,loop-acceleration/simple_4-1.c,75.00%,-1,loop-acceleration/simple_4-1.c,75.00%,-1,loop-acceleration/simple_4-1.c,75.00%,-1,loop-acceleration/simple_4-1.c,75.00%,-1,loop-acceleration/simple_4-1.c,0,-1,loop-acceleration/simple_4-1.c,75.00%,-1,loop-acceleration/simple_4-1.c,75.00%,-1
loop-crafted/simple_array_index_value_1-1.i,83.3,10,12,66.7,2,3,77.78%,-1,1,-1,loop-crafted/simple_array_index_value_1-1.i,77.78%,-1,loop-crafted/simple_array_index_value_1-1.i,77.78%,-1,loop-crafted/simple_array_index_value_1-1.i,77.78%,-1,loop-crafted/simple_array_index_value_1-1.i,77.78%,-1,loop-crafted/simple_array_index_value_1-1.i,77.78%,-1,loop-crafted/simple_array_index_value_1-1.i,77.78%,-1,loop-crafted/simple_array_index_value_1-1.i,77.78%,-1,loop-crafted/simple_array_index_value_1-1.i,77.78%,-1,loop-crafted/simple_array_index_value_1-1.i,77.78%,-1,loop-crafted/simple_array_index_value_1-1.i,77.78%,-1,loop-crafted/simple_array_index_value_1-1.i,77.78%,-1,loop-crafted/simple_array_index_value_1-1.i,77.78%,-1,loop-crafted/simple_array_index_value_1-1.i,0,-1,loop-crafted/simple_array_index_value_1-1.i,77.78%,-1,loop-crafted/simple_array_index_value_1-1.i,77.78%,-1
loop-crafted/simple_array_index_value_1-2.i,58.8,10,17,50,2,4,44.44%,-1,1,-1,loop-crafted/simple_array_index_value_1-2.i,44.44%,-1,loop-crafted/simple_array_index_value_1-2.i,44.44%,-1,loop-crafted/simple_array_index_value_1-2.i,44.44%,-1,loop-crafted/simple_array_index_value_1-2.i,44.44%,-1,loop-crafted/simple_array_index_value_1-2.i,44.44%,-1,loop-crafted/simple_array_index_value_1-2.i,44.44%,-1,loop-crafted/simple_array_index_value_1-2.i,44.44%,-1,loop-crafted/simple_array_index_value_1-2.i,44.44%,-1,loop-crafted/simple_array_index_value_1-2.i,44.44%,-1,loop-crafted/simple_array_index_value_1-2.i,44.44%,-1,loop-crafted/simple_array_index_value_1-2.i,44.44%,-1,loop-crafted/simple_array_index_value_1-2.i,44.44%,-1,loop-crafted/simple_array_index_value_1-2.i,0,-1,loop-crafted/simple_array_index_value_1-2.i,44.44%,-1,loop-crafted/simple_array_index_value_1-2.i,44.44%,-1
loop-crafted/simple_array_index_value_3.i,70.6,12,17,50,2,4,55.56%,-1,1,-1,loop-crafted/simple_array_index_value_3.i,55.56%,-1,loop-crafted/simple_array_index_value_3.i,55.56%,-1,loop-crafted/simple_array_index_value_3.i,55.56%,-1,loop-crafted/simple_array_index_value_3.i,55.56%,-1,loop-crafted/simple_array_index_value_3.i,55.56%,-1,loop-crafted/simple_array_index_value_3.i,55.56%,-1,loop-crafted/simple_array_index_value_3.i,55.56%,-1,loop-crafted/simple_array_index_value_3.i,55.56%,-1,loop-crafted/simple_array_index_value_3.i,55.56%,-1,loop-crafted/simple_array_index_value_3.i,55.56%,-1,loop-crafted/simple_array_index_value_3.i,55.56%,-1,loop-crafted/simple_array_index_value_3.i,55.56%,-1,loop-crafted/simple_array_index_value_3.i,0,-1,loop-crafted/simple_array_index_value_3.i,55.56%,-1,loop-crafted/simple_array_index_value_3.i,55.56%,-1
loop-crafted/simple_array_index_value_4.i.v+nlh-reducer.c,0,0,0,0,0,0,3.12%,-1,13,-1,loop-crafted/simple_array_index_value_4.i.v+nlh-reducer.c,3.12%,601.076015,loop-crafted/simple_array_index_value_4.i.v+nlh-reducer.c,3.12%,641.3479939,loop-crafted/simple_array_index_value_4.i.v+nlh-reducer.c,3.12%,616.2880156,loop-crafted/simple_array_index_value_4.i.v+nlh-reducer.c,3.12%,611.9279947,loop-crafted/simple_array_index_value_4.i.v+nlh-reducer.c,3.12%,629.987994,loop-crafted/simple_array_index_value_4.i.v+nlh-reducer.c,3.12%,631.7600064,loop-crafted/simple_array_index_value_4.i.v+nlh-reducer.c,3.12%,630.0119939,loop-crafted/simple_array_index_value_4.i.v+nlh-reducer.c,3.12%,611.1279941,loop-crafted/simple_array_index_value_4.i.v+nlh-reducer.c,3.12%,678.9399934,loop-crafted/simple_array_index_value_4.i.v+nlh-reducer.c,3.12%,632.243994,loop-crafted/simple_array_index_value_4.i.v+nlh-reducer.c,3.12%,654.4360073,loop-crafted/simple_array_index_value_4.i.v+nlh-reducer.c,3.12%,625.0040157,loop-crafted/simple_array_index_value_4.i.v+nlh-reducer.c,0,605.7519975,loop-crafted/simple_array_index_value_4.i.v+nlh-reducer.c,3.12%,603.0359812,loop-crafted/simple_array_index_value_4.i.v+nlh-reducer.c,3.12%,635.7239938
loop-floats-scientific-comp/loop1-1.c,0,0,0,0,0,0,37.50%,-1,1,-1,loop-floats-scientific-comp/loop1-1.c,37.50%,-1,loop-floats-scientific-comp/loop1-1.c,37.50%,-1,loop-floats-scientific-comp/loop1-1.c,37.50%,-1,loop-floats-scientific-comp/loop1-1.c,37.50%,-1,loop-floats-scientific-comp/loop1-1.c,37.50%,-1,loop-floats-scientific-comp/loop1-1.c,37.50%,-1,loop-floats-scientific-comp/loop1-1.c,37.50%,-1,loop-floats-scientific-comp/loop1-1.c,37.50%,-1,loop-floats-scientific-comp/loop1-1.c,37.50%,-1,loop-floats-scientific-comp/loop1-1.c,37.50%,-1,loop-floats-scientific-comp/loop1-1.c,37.50%,-1,loop-floats-scientific-comp/loop1-1.c,37.50%,-1,loop-floats-scientific-comp/loop1-1.c,0,-1,loop-floats-scientific-comp/loop1-1.c,37.50%,-1,loop-floats-scientific-comp/loop1-1.c,37.50%,-1
loop-floats-scientific-comp/loop1-2.c,0,0,0,0,0,0,25.00%,-1,1,-1,loop-floats-scientific-comp/loop1-2.c,25.00%,-1,loop-floats-scientific-comp/loop1-2.c,25.00%,-1,loop-floats-scientific-comp/loop1-2.c,25.00%,-1,loop-floats-scientific-comp/loop1-2.c,25.00%,-1,loop-floats-scientific-comp/loop1-2.c,25.00%,-1,loop-floats-scientific-comp/loop1-2.c,25.00%,-1,loop-floats-scientific-comp/loop1-2.c,25.00%,-1,loop-floats-scientific-comp/loop1-2.c,25.00%,-1,loop-floats-scientific-comp/loop1-2.c,25.00%,-1,loop-floats-scientific-comp/loop1-2.c,25.00%,-1,loop-floats-scientific-comp/loop1-2.c,25.00%,-1,loop-floats-scientific-comp/loop1-2.c,25.00%,-1,loop-floats-scientific-comp/loop1-2.c,0,-1,loop-floats-scientific-comp/loop1-2.c,25.00%,-1,loop-floats-scientific-comp/loop1-2.c,25.00%,-1
loop-floats-scientific-comp/loop2-2.c,0,0,0,0,0,0,40.00%,-1,11,-1,loop-floats-scientific-comp/loop2-2.c,80.00%,-1,loop-floats-scientific-comp/loop2-2.c,80.00%,-1,loop-floats-scientific-comp/loop2-2.c,80.00%,-1,loop-floats-scientific-comp/loop2-2.c,80.00%,-1,loop-floats-scientific-comp/loop2-2.c,80.00%,-1,loop-floats-scientific-comp/loop2-2.c,80.00%,-1,loop-floats-scientific-comp/loop2-2.c,80.00%,-1,loop-floats-scientific-comp/loop2-2.c,80.00%,-1,loop-floats-scientific-comp/loop2-2.c,80.00%,-1,loop-floats-scientific-comp/loop2-2.c,80.00%,-1,loop-floats-scientific-comp/loop2-2.c,80.00%,-1,loop-floats-scientific-comp/loop2-2.c,80.00%,-1,loop-floats-scientific-comp/loop2-2.c,0,-1,loop-floats-scientific-comp/loop2-2.c,80.00%,-1,loop-floats-scientific-comp/loop2-2.c,80.00%,-1
loop-floats-scientific-comp/loop3.c,0,0,0,0,0,0,10.00%,-1,1,-1,loop-floats-scientific-comp/loop3.c,10.00%,-1,loop-floats-scientific-comp/loop3.c,10.00%,-1,loop-floats-scientific-comp/loop3.c,40.00%,-1,loop-floats-scientific-comp/loop3.c,10.00%,-1,loop-floats-scientific-comp/loop3.c,10.00%,-1,loop-floats-scientific-comp/loop3.c,10.00%,-1,loop-floats-scientific-comp/loop3.c,40.00%,-1,loop-floats-scientific-comp/loop3.c,40.00%,-1,loop-floats-scientific-comp/loop3.c,10.00%,-1,loop-floats-scientific-comp/loop3.c,40.00%,-1,loop-floats-scientific-comp/loop3.c,40.00%,-1,loop-floats-scientific-comp/loop3.c,40.00%,-1,loop-floats-scientific-comp/loop3.c,0,-1,loop-floats-scientific-comp/loop3.c,40.00%,-1,loop-floats-scientific-comp/loop3.c,40.00%,-1
loop-industry-pattern/aiob_4.c.v+lh-reducer.c,18.2,6,33,50,1,2,9.09%,-1,1,-1,loop-industry-pattern/aiob_4.c.v+lh-reducer.c,9.09%,-1,loop-industry-pattern/aiob_4.c.v+lh-reducer.c,9.09%,-1,loop-industry-pattern/aiob_4.c.v+lh-reducer.c,9.09%,-1,loop-industry-pattern/aiob_4.c.v+lh-reducer.c,9.09%,-1,loop-industry-pattern/aiob_4.c.v+lh-reducer.c,9.09%,-1,loop-industry-pattern/aiob_4.c.v+lh-reducer.c,9.09%,-1,loop-industry-pattern/aiob_4.c.v+lh-reducer.c,9.09%,-1,loop-industry-pattern/aiob_4.c.v+lh-reducer.c,9.09%,-1,loop-industry-pattern/aiob_4.c.v+lh-reducer.c,9.09%,-1,loop-industry-pattern/aiob_4.c.v+lh-reducer.c,9.09%,-1,loop-industry-pattern/aiob_4.c.v+lh-reducer.c,9.09%,-1,loop-industry-pattern/aiob_4.c.v+lh-reducer.c,9.09%,-1,loop-industry-pattern/aiob_4.c.v+lh-reducer.c,0,-1,loop-industry-pattern/aiob_4.c.v+lh-reducer.c,9.09%,-1,loop-industry-pattern/aiob_4.c.v+lh-reducer.c,9.09%,-1
loop-industry-pattern/mod3.c.v+cfa-reducer.c,0,0,0,0,0,0,41.67%,-1,1,-1,loop-industry-pattern/mod3.c.v+cfa-reducer.c,41.67%,-1,loop-industry-pattern/mod3.c.v+cfa-reducer.c,41.67%,-1,loop-industry-pattern/mod3.c.v+cfa-reducer.c,41.67%,-1,loop-industry-pattern/mod3.c.v+cfa-reducer.c,41.67%,-1,loop-industry-pattern/mod3.c.v+cfa-reducer.c,50.00%,-1,loop-industry-pattern/mod3.c.v+cfa-reducer.c,41.67%,-1,loop-industry-pattern/mod3.c.v+cfa-reducer.c,41.67%,-1,loop-industry-pattern/mod3.c.v+cfa-reducer.c,50.00%,-1,loop-industry-pattern/mod3.c.v+cfa-reducer.c,41.67%,-1,loop-industry-pattern/mod3.c.v+cfa-reducer.c,41.67%,-1,loop-industry-pattern/mod3.c.v+cfa-reducer.c,41.67%,-1,loop-industry-pattern/mod3.c.v+cfa-reducer.c,50.00%,-1,loop-industry-pattern/mod3.c.v+cfa-reducer.c,0,-1,loop-industry-pattern/mod3.c.v+cfa-reducer.c,41.67%,-1,loop-industry-pattern/mod3.c.v+cfa-reducer.c,50.00%,-1
loop-industry-pattern/mod3.c.v+sep-reducer.c,0,0,0,0,0,0,30.00%,-1,1,-1,loop-industry-pattern/mod3.c.v+sep-reducer.c,40.00%,-1,loop-industry-pattern/mod3.c.v+sep-reducer.c,40.00%,-1,loop-industry-pattern/mod3.c.v+sep-reducer.c,30.00%,-1,loop-industry-pattern/mod3.c.v+sep-reducer.c,40.00%,-1,loop-industry-pattern/mod3.c.v+sep-reducer.c,45.00%,-1,loop-industry-pattern/mod3.c.v+sep-reducer.c,45.00%,-1,loop-industry-pattern/mod3.c.v+sep-reducer.c,30.00%,-1,loop-industry-pattern/mod3.c.v+sep-reducer.c,45.00%,-1,loop-industry-pattern/mod3.c.v+sep-reducer.c,45.00%,-1,loop-industry-pattern/mod3.c.v+sep-reducer.c,45.00%,-1,loop-industry-pattern/mod3.c.v+sep-reducer.c,45.00%,-1,loop-industry-pattern/mod3.c.v+sep-reducer.c,30.00%,-1,loop-industry-pattern/mod3.c.v+sep-reducer.c,0,-1,loop-industry-pattern/mod3.c.v+sep-reducer.c,45.00%,-1,loop-industry-pattern/mod3.c.v+sep-reducer.c,40.00%,-1
loop-industry-pattern/ofuf_3.c,4.1,6,147,8.3,1,12,1.39%,-1,1,-1,loop-industry-pattern/ofuf_3.c,1.39%,-1,loop-industry-pattern/ofuf_3.c,1.39%,-1,loop-industry-pattern/ofuf_3.c,1.39%,-1,loop-industry-pattern/ofuf_3.c,1.39%,-1,loop-industry-pattern/ofuf_3.c,1.39%,-1,loop-industry-pattern/ofuf_3.c,1.39%,-1,loop-industry-pattern/ofuf_3.c,1.39%,-1,loop-industry-pattern/ofuf_3.c,1.39%,-1,loop-industry-pattern/ofuf_3.c,1.39%,-1,loop-industry-pattern/ofuf_3.c,1.39%,-1,loop-industry-pattern/ofuf_3.c,1.39%,-1,loop-industry-pattern/ofuf_3.c,1.39%,-1,loop-industry-pattern/ofuf_3.c,0,-1,loop-industry-pattern/ofuf_3.c,1.39%,-1,loop-industry-pattern/ofuf_3.c,1.39%,-1
loop-invariants/bin-suffix-5.c,0,0,0,0,0,0,25.00%,-1,1,-1,loop-invariants/bin-suffix-5.c,25.00%,-1,loop-invariants/bin-suffix-5.c,25.00%,-1,loop-invariants/bin-suffix-5.c,25.00%,-1,loop-invariants/bin-suffix-5.c,25.00%,-1,loop-invariants/bin-suffix-5.c,25.00%,-1,loop-invariants/bin-suffix-5.c,25.00%,-1,loop-invariants/bin-suffix-5.c,25.00%,-1,loop-invariants/bin-suffix-5.c,25.00%,-1,loop-invariants/bin-suffix-5.c,25.00%,-1,loop-invariants/bin-suffix-5.c,25.00%,-1,loop-invariants/bin-suffix-5.c,25.00%,-1,loop-invariants/bin-suffix-5.c,25.00%,-1,loop-invariants/bin-suffix-5.c,0,-1,loop-invariants/bin-suffix-5.c,25.00%,-1,loop-invariants/bin-suffix-5.c,25.00%,-1
loop-invariants/linear-inequality-inv-a.c,73.7,14,19,50,1,2,75.00%,-1,9,-1,loop-invariants/linear-inequality-inv-a.c,75.00%,-1,loop-invariants/linear-inequality-inv-a.c,12.50%,-1,loop-invariants/linear-inequality-inv-a.c,75.00%,-1,loop-invariants/linear-inequality-inv-a.c,75.00%,-1,loop-invariants/linear-inequality-inv-a.c,75.00%,-1,loop-invariants/linear-inequality-inv-a.c,12.50%,-1,loop-invariants/linear-inequality-inv-a.c,75.00%,-1,loop-invariants/linear-inequality-inv-a.c,75.00%,-1,loop-invariants/linear-inequality-inv-a.c,75.00%,-1,loop-invariants/linear-inequality-inv-a.c,12.50%,-1,loop-invariants/linear-inequality-inv-a.c,75.00%,-1,loop-invariants/linear-inequality-inv-a.c,75.00%,-1,loop-invariants/linear-inequality-inv-a.c,0,-1,loop-invariants/linear-inequality-inv-a.c,12.50%,-1,loop-invariants/linear-inequality-inv-a.c,37.50%,-1
loop-invariants/mod4.c,0,0,0,0,0,0,25.00%,-1,1,-1,loop-invariants/mod4.c,25.00%,-1,loop-invariants/mod4.c,25.00%,-1,loop-invariants/mod4.c,25.00%,-1,loop-invariants/mod4.c,25.00%,-1,loop-invariants/mod4.c,25.00%,-1,loop-invariants/mod4.c,25.00%,-1,loop-invariants/mod4.c,25.00%,-1,loop-invariants/mod4.c,25.00%,-1,loop-invariants/mod4.c,25.00%,-1,loop-invariants/mod4.c,25.00%,-1,loop-invariants/linear-inequality-inv-b.c,71.43%,-1,loop-invariants/mod4.c,25.00%,-1,loop-invariants/mod4.c,0,-1,loop-invariants/mod4.c,25.00%,-1,loop-invariants/mod4.c,25.00%,-1
loop-invgen/fragtest_simple.i,80,24,30,50,2,4,66.67%,-1,12,-1,loop-invgen/fragtest_simple.i,73.33%,-1,loop-invgen/fragtest_simple.i,73.33%,821.4439921,loop-invgen/fragtest_simple.i,73.33%,854.7919893,loop-invgen/fragtest_simple.i,73.33%,-1,loop-invgen/fragtest_simple.i,73.33%,815.4319963,loop-invgen/fragtest_simple.i,73.33%,638.6359944,loop-invgen/fragtest_simple.i,73.33%,-1,loop-invgen/fragtest_simple.i,66.67%,-1,loop-invgen/fragtest_simple.i,73.33%,774.6679966,loop-invgen/fragtest_simple.i,73.33%,840.1319964,loop-invariants/mod4.c,25.00%,-1,loop-invgen/fragtest_simple.i,73.33%,-1,loop-invgen/fragtest_simple.i,0,-1,loop-invgen/fragtest_simple.i,73.33%,-1,loop-invgen/fragtest_simple.i,73.33%,-1
loop-invgen/nest-if3.i,73.7,14,19,50,2,4,64.71%,-1,22,-1,loop-invgen/nest-if3.i,64.71%,-1,loop-invgen/nest-if3.i,64.71%,-1,loop-invgen/nest-if3.i,64.71%,-1,loop-invgen/nest-if3.i,64.71%,-1,loop-invgen/nest-if3.i,64.71%,-1,loop-invgen/nest-if3.i,64.71%,-1,loop-invgen/nest-if3.i,64.71%,-1,loop-invgen/nest-if3.i,64.71%,-1,loop-invgen/nest-if3.i,64.71%,-1,loop-invgen/nest-if3.i,64.71%,-1,loop-invgen/fragtest_simple.i,73.33%,-1,loop-invgen/nest-if3.i,64.71%,-1,loop-invgen/nest-if3.i,0,-1,loop-invgen/nest-if3.i,64.71%,-1,loop-invgen/nest-if3.i,64.71%,-1
loop-invgen/sendmail-close-angle.i,0,0,0,0,0,0,40.00%,-1,1,-1,loop-invgen/sendmail-close-angle.i,40.00%,-1,loop-invgen/sendmail-close-angle.i,40.00%,-1,loop-invgen/sendmail-close-angle.i,40.00%,-1,loop-invgen/sendmail-close-angle.i,40.00%,-1,loop-invgen/sendmail-close-angle.i,40.00%,-1,loop-invgen/sendmail-close-angle.i,40.00%,-1,loop-invgen/sendmail-close-angle.i,40.00%,-1,loop-invgen/sendmail-close-angle.i,40.00%,-1,loop-invgen/sendmail-close-angle.i,66.67%,-1,loop-invgen/sendmail-close-angle.i,66.67%,-1,loop-invgen/nest-if3.i,64.71%,-1,loop-invgen/sendmail-close-angle.i,66.67%,-1,loop-invgen/sendmail-close-angle.i,0,-1,loop-invgen/sendmail-close-angle.i,40.00%,-1,loop-invgen/sendmail-close-angle.i,60.00%,-1
loop-lit/gcnr2008.i,0,0,0,0,0,0,38.46%,-1,1,-1,loop-lit/gcnr2008.i,38.46%,-1,loop-lit/gcnr2008.i,38.46%,-1,loop-lit/gcnr2008.i,38.46%,-1,loop-lit/gcnr2008.i,38.46%,-1,loop-lit/gcnr2008.i,38.46%,-1,loop-lit/gcnr2008.i,38.46%,-1,loop-lit/gcnr2008.i,38.46%,-1,loop-lit/gcnr2008.i,38.46%,-1,loop-lit/gcnr2008.i,38.46%,-1,loop-lit/gcnr2008.i,38.46%,-1,loop-invgen/sendmail-close-angle.i,40.00%,-1,loop-lit/gcnr2008.i,38.46%,-1,loop-lit/gcnr2008.i,0,-1,loop-lit/gcnr2008.i,38.46%,-1,loop-lit/gcnr2008.i,38.46%,-1
loop-lit/hhk2008.i,75,15,20,50,2,4,54.55%,-1,3,-1,loop-lit/hhk2008.i,54.55%,-1,loop-lit/hhk2008.i,63.64%,-1,loop-lit/hhk2008.i,54.55%,-1,loop-lit/hhk2008.i,63.64%,-1,loop-lit/hhk2008.i,54.55%,-1,loop-lit/hhk2008.i,45.45%,-1,loop-lit/hhk2008.i,54.55%,-1,loop-lit/hhk2008.i,54.55%,-1,loop-lit/hhk2008.i,54.55%,-1,loop-lit/hhk2008.i,54.55%,-1,loop-lit/gcnr2008.i,38.46%,-1,loop-lit/hhk2008.i,54.55%,-1,loop-lit/hhk2008.i,0,-1,loop-lit/hhk2008.i,54.55%,-1,loop-lit/hhk2008.i,54.55%,-1
loop-lit/mine2017-ex4.10.i,90.9,10,11,66.7,2,3,60.00%,-1,1,-1,loop-lit/mine2017-ex4.10.i,60.00%,-1,loop-lit/mine2017-ex4.10.i,60.00%,-1,loop-lit/mine2017-ex4.10.i,60.00%,-1,loop-lit/mine2017-ex4.10.i,60.00%,-1,loop-lit/mine2017-ex4.10.i,60.00%,-1,loop-lit/mine2017-ex4.10.i,60.00%,-1,loop-lit/mine2017-ex4.10.i,60.00%,-1,loop-lit/mine2017-ex4.10.i,60.00%,-1,loop-lit/mine2017-ex4.10.i,60.00%,-1,loop-lit/mine2017-ex4.10.i,60.00%,-1,loop-lit/hhk2008.i,54.55%,-1,loop-lit/mine2017-ex4.10.i,60.00%,-1,loop-lit/mine2017-ex4.10.i,0,-1,loop-lit/mine2017-ex4.10.i,60.00%,-1,loop-lit/mine2017-ex4.10.i,60.00%,-1
loop-lit/mine2017-ex4.7.i,33.3,4,12,33.3,1,3,11.11%,-1,1,-1,loop-lit/mine2017-ex4.7.i,11.11%,-1,loop-lit/mine2017-ex4.7.i,11.11%,-1,loop-lit/mine2017-ex4.7.i,11.11%,-1,loop-lit/mine2017-ex4.7.i,11.11%,-1,loop-lit/mine2017-ex4.7.i,11.11%,-1,loop-lit/mine2017-ex4.7.i,11.11%,-1,loop-lit/mine2017-ex4.7.i,11.11%,-1,loop-lit/mine2017-ex4.7.i,11.11%,-1,loop-lit/mine2017-ex4.7.i,11.11%,-1,loop-lit/mine2017-ex4.7.i,11.11%,-1,loop-lit/mine2017-ex4.10.i,60.00%,-1,loop-lit/mine2017-ex4.7.i,11.11%,-1,loop-lit/mine2017-ex4.7.i,0,-1,loop-lit/mine2017-ex4.7.i,11.11%,-1,loop-lit/mine2017-ex4.7.i,11.11%,-1
loop-new/count_by_1.i,58.3,7,12,50,2,4,42.86%,-1,1,-1,loop-new/count_by_1.i,42.86%,-1,loop-new/count_by_1.i,42.86%,-1,loop-new/count_by_1.i,42.86%,-1,loop-new/count_by_1.i,42.86%,-1,loop-new/count_by_1.i,42.86%,-1,loop-new/count_by_1.i,42.86%,-1,loop-new/count_by_1.i,42.86%,-1,loop-new/count_by_1.i,42.86%,-1,loop-new/count_by_1.i,42.86%,-1,loop-new/count_by_1.i,42.86%,-1,loop-lit/mine2017-ex4.7.i,11.11%,-1,loop-new/count_by_1.i,42.86%,-1,loop-new/count_by_1.i,0,-1,loop-new/count_by_1.i,42.86%,-1,loop-new/count_by_1.i,42.86%,-1
loop-new/count_by_2.i,58.3,7,12,50,2,4,42.86%,-1,1,-1,loop-new/count_by_2.i,42.86%,-1,loop-new/count_by_2.i,42.86%,-1,loop-new/count_by_2.i,42.86%,-1,loop-new/count_by_2.i,42.86%,-1,loop-new/count_by_2.i,42.86%,-1,loop-new/count_by_2.i,42.86%,-1,loop-new/count_by_2.i,42.86%,-1,loop-new/count_by_2.i,42.86%,-1,loop-new/count_by_2.i,42.86%,-1,loop-new/count_by_2.i,42.86%,-1,loop-new/count_by_1.i,42.86%,-1,loop-new/count_by_2.i,42.86%,-1,loop-new/count_by_2.i,0,-1,loop-new/count_by_2.i,42.86%,-1,loop-new/count_by_2.i,42.86%,-1
loop-new/half.i,72.2,13,18,50,2,4,63.64%,-1,12,-1,loop-new/half.i,63.64%,-1,loop-new/half.i,63.64%,-1,loop-new/half.i,63.64%,-1,loop-new/half.i,63.64%,-1,loop-new/half.i,63.64%,-1,loop-new/half.i,63.64%,-1,loop-new/half.i,63.64%,-1,loop-new/half.i,63.64%,-1,loop-new/half.i,63.64%,-1,loop-new/half.i,63.64%,-1,loop-new/count_by_2.i,42.86%,-1,loop-new/half.i,63.64%,-1,loop-new/half.i,0,-1,loop-new/half.i,63.64%,-1,loop-new/half.i,63.64%,-1
loop-new/nested-1.i,26.3,5,19,25,1,4,7.69%,-1,1,-1,loop-new/nested-1.i,7.69%,-1,loop-new/nested-1.i,7.69%,-1,loop-new/nested-1.i,7.69%,-1,loop-new/nested-1.i,7.69%,-1,loop-new/nested-1.i,7.69%,-1,loop-new/nested-1.i,7.69%,-1,loop-new/nested-1.i,7.69%,-1,loop-new/nested-1.i,7.69%,-1,loop-new/nested-1.i,7.69%,-1,loop-new/nested-1.i,7.69%,-1,loop-new/half.i,63.64%,-1,loop-new/nested-1.i,7.69%,-1,loop-new/nested-1.i,0,-1,loop-new/nested-1.i,7.69%,-1,loop-new/nested-1.i,7.69%,-1
loop-simple/nested_2.c,77.8,7,9,50,1,2,83.33%,-1,1,-1,loop-simple/nested_2.c,83.33%,-1,loop-simple/nested_2.c,83.33%,-1,loop-simple/nested_2.c,83.33%,-1,loop-simple/nested_2.c,83.33%,-1,loop-simple/nested_2.c,83.33%,-1,loop-simple/nested_2.c,83.33%,-1,loop-simple/nested_2.c,83.33%,-1,loop-simple/nested_2.c,83.33%,-1,loop-simple/nested_2.c,83.33%,-1,loop-simple/nested_2.c,83.33%,-1,loop-new/nested-1.i,7.69%,-1,loop-simple/nested_2.c,83.33%,-1,loop-simple/nested_2.c,0,-1,loop-simple/nested_2.c,83.33%,-1,loop-simple/nested_2.c,83.33%,-1
loop-simple/nested_3.c,81.8,9,11,50,1,2,87.50%,-1,1,-1,loop-simple/nested_3.c,87.50%,-1,loop-simple/nested_3.c,87.50%,-1,loop-simple/nested_3.c,87.50%,-1,loop-simple/nested_3.c,87.50%,-1,loop-simple/nested_3.c,87.50%,-1,loop-simple/nested_3.c,87.50%,-1,loop-simple/nested_3.c,87.50%,-1,loop-simple/nested_3.c,87.50%,-1,loop-simple/nested_3.c,87.50%,-1,loop-simple/nested_3.c,87.50%,-1,loop-simple/nested_2.c,83.33%,-1,loop-simple/nested_3.c,87.50%,-1,loop-simple/nested_3.c,0,-1,loop-simple/nested_3.c,87.50%,-1,loop-simple/nested_3.c,87.50%,-1
,,,,,,,,,,,,,,,,,,,,,,,,,,,,,,,,,,,,,,,,,loop-simple/nested_3.c,87.50%,-1,,,,,,,,,,,,
